technology	species	tissue	sex	timepoint	rep	sample	depth1	depth2	experiment	experiment_batch	integration_batch	run_number	experiment_accession	library_accession	file_accession	lower_nCount_RNA	upper_nCount_RNA	lower_nFeature_RNA	upper_doublet_scores	upper_percent.mt
10x	Bl6/Cast	Gastrocnemius	Female	PND_14	1	G_14_F_1	shallow	5-10k	multiome	1	3	NA	ENCSR478PUL	ENCLB320ZLU	ENCFF508CLR	500	30000	300	0.25	5
10x	Bl6/Cast	Gastrocnemius	Female	PND_14	2	G_14_F_2	shallow	5-10k	multiome	2	3	NA	ENCSR021MHR	ENCLB673NZA	ENCFF033JTC	500	30000	300	0.25	5
10x	Bl6/Cast	Gastrocnemius	Male	PND_14	1	G_14_M_1	shallow	5-10k	multiome	3	3	NA	ENCSR438FRT	ENCLB854VKF	ENCFF497CLL	500	30000	300	0.25	5
10x	Bl6/Cast	Gastrocnemius	Male	PND_14	2	G_14_M_2	shallow	5-10k	multiome	4	3	NA	ENCSR835ZXV	ENCLB995TFV	ENCFF382SUT	500	30000	300	0.25	5
10x	Bl6/Cast	Gastrocnemius	Female	PNM_02	1	G_2m_F_1	shallow	5-10k	multiome	5	3	NA	ENCSR188GDL	ENCLB526RVS	ENCFF532EFQ	500	30000	300	0.25	5
10x	Bl6/Cast	Gastrocnemius	Female	PNM_02	2	G_2m_F_2	shallow	5-10k	multiome	6	3	NA	ENCSR163GJZ	ENCLB786EOH	ENCFF571XTK	500	30000	300	0.25	5
10x	Bl6/Cast	Gastrocnemius	Male	PNM_02	1	G_2m_M_1	shallow	5-10k	multiome	7	3	NA	ENCSR125XUV	ENCLB794PMK	ENCFF619BXW	500	30000	300	0.25	5
10x	Bl6/Cast	Gastrocnemius	Male	PNM_02	2	G_2m_M_2	shallow	5-10k	multiome	8	3	NA	ENCSR771MOE	ENCLB275WWO	ENCFF489ZUW	500	30000	300	0.25	5
10x	Bl6/Cast	Adrenal	Female	PND_14	1	A_14_F_1	shallow	5-10k	multiome	9	3	NA	ENCSR402PHR	ENCLB069PRB	ENCFF221WGK	1000	30000	500	0.25	1
10x	Bl6/Cast	Adrenal	Female	PND_14	2	A_14_F_2	shallow	5-10k	multiome	10	3	NA	ENCSR157YJO	ENCLB293BAX	ENCFF394IGL	1000	30000	500	0.25	1
10x	Bl6/Cast	Adrenal	Male	PND_14	1	A_14_M_1	shallow	5-10k	multiome	11	3	NA	ENCSR021YYL	ENCLB663TUU	ENCFF492ORZ	1000	30000	500	0.25	1
10x	Bl6/Cast	Adrenal	Male	PND_14	2	A_14_M_2	shallow	5-10k	multiome	12	3	NA	ENCSR988AMY	ENCLB568RWC	ENCFF453JNI	1000	30000	500	0.25	1
10x	Bl6/Cast	Adrenal	Female	PNM_02	1	A_2m_F_1	shallow	5-10k	multiome	13	3	NA	ENCSR908CQZ	ENCLB139QES	ENCFF910YZU	1000	30000	500	0.25	1
10x	Bl6/Cast	Adrenal	Female	PNM_02	2	A_2m_F_2	shallow	5-10k	multiome	14	3	NA	ENCSR749GDE	ENCLB442AMV	ENCFF955YJV	1000	30000	500	0.25	1
10x	Bl6/Cast	Adrenal	Male	PNM_02	1	A_2m_M_1	shallow	5-10k	multiome	15	3	NA	ENCSR224OUG	ENCLB607FDJ	ENCFF926IRN	1000	30000	500	0.25	1
10x	Bl6/Cast	Adrenal	Male	PNM_02	2	A_2m_M_2	shallow	5-10k	multiome	16	3	NA	ENCSR356VJZ	ENCLB495DSX	ENCFF620QGJ	1000	30000	500	0.25	1
10x	Bl6/Cast	Heart	Female	PND_14	1	H_14_F_1	shallow	5-10k	multiome	17	3	NA	ENCSR333SLJ	ENCLB866MAL	ENCFF165THM	1000	30000	500	0.25	1
10x	Bl6/Cast	Heart	Female	PND_14	2	H_14_F_2	shallow	5-10k	multiome	18	3	NA	ENCSR415HEP	ENCLB808STP	ENCFF972ILZ	1000	30000	500	0.25	1
10x	Bl6/Cast	Heart	Male	PND_14	1	H_14_M_1	shallow	5-10k	multiome	19	3	NA	ENCSR568GGW	ENCLB807HIR	ENCFF475GUS	1000	30000	500	0.25	1
10x	Bl6/Cast	Heart	Male	PND_14	2	H_14_M_2	shallow	5-10k	multiome	20	3	NA	ENCSR533IGQ	ENCLB608YNH	ENCFF384DMT	1000	30000	500	0.25	1
10x	Bl6/Cast	Heart	Female	PNM_02	1	H_2m_F_1	shallow	5-10k	multiome	21	3	NA	ENCSR665HPR	ENCLB560GBC	ENCFF853YBZ	1000	30000	500	0.25	1
10x	Bl6/Cast	Heart	Female	PNM_02	2	H_2m_F_2	shallow	5-10k	multiome	22	3	NA	ENCSR417FCM	ENCLB871PHY	ENCFF187TWY	1000	30000	500	0.25	1
10x	Bl6/Cast	Heart	Male	PNM_02	1	H_2m_M_1	shallow	5-10k	multiome	23	3	NA	ENCSR462HCD	ENCLB713ETA	ENCFF700OPG	1000	30000	500	0.25	1
10x	Bl6/Cast	Heart	Male	PNM_02	2	H_2m_M_2	shallow	5-10k	multiome	24	3	NA	ENCSR644VVE	ENCLB847VJF	ENCFF143FKO	1000	30000	500	0.25	1
10x	Bl6/Cast	Cortex	Female	PND_14	1	C_14_F_1	shallow	5-10k	multiome	25	3	NA	ENCSR720TUP	ENCLB676AMA	ENCFF225JAP	1000	50000	500	0.25	1
10x	Bl6/Cast	Cortex	Female	PND_14	2	C_14_F_2	shallow	5-10k	multiome	26	3	NA	ENCSR632EIK	ENCLB766ZBL	ENCFF878SIN	1000	50000	500	0.2	0.5
10x	Bl6/Cast	Cortex	Male	PND_14	1	C_14_M_1	shallow	5-10k	multiome	27	3	NA	ENCSR133XJX	ENCLB983BCX	ENCFF936DLK	1000	50000	500	0.2	0.5
10x	Bl6/Cast	Cortex	Male	PND_14	2	C_14_M_2	shallow	5-10k	multiome	28	3	NA	ENCSR624WDN	ENCLB063XDV	ENCFF541XGA	1000	50000	500	0.2	0.5
10x	Bl6/Cast	Cortex	Female	PNM_02	1	C_2m_F_1	shallow	5-10k	multiome	29	3	NA	ENCSR467GGT	ENCLB807VEG	ENCFF305KOJ	1000	50000	500	0.2	0.5
10x	Bl6/Cast	Cortex	Female	PNM_02	2	C_2m_F_2	shallow	5-10k	multiome	30	3	NA	ENCSR224RWH	ENCLB275OVJ	ENCFF396UPV	1000	50000	500	0.2	0.5
10x	Bl6/Cast	Cortex	Male	PNM_02	1	C_2m_M_1	shallow	5-10k	multiome	31	3	NA	ENCSR421YXX	ENCLB432ZEQ	ENCFF895SZY	1000	50000	500	0.2	0.5
10x	Bl6/Cast	Cortex	Male	PNM_02	2	C_2m_M_2	shallow	5-10k	multiome	32	3	NA	ENCSR132MEW	ENCLB675MBI	ENCFF493KLP	1000	50000	500	0.2	0.5
10x	Bl6/Cast	Hippocampus	Female	PND_14	1	HC_14_F_1	shallow	5-10k	multiome	33	3	NA	ENCSR944XPC	ENCLB012QYK	ENCFF048RAV	1000	50000	500	0.2	0.5
10x	Bl6/Cast	Hippocampus	Female	PND_14	2	HC_14_F_2	shallow	5-10k	multiome	34	3	NA	ENCSR995ZKH	ENCLB835IXS	ENCFF551IKY	1000	50000	500	0.2	0.5
10x	Bl6/Cast	Hippocampus	Male	PND_14	1	HC_14_M_1	shallow	5-10k	multiome	35	3	NA	ENCSR539XHZ	ENCLB320HXY	ENCFF797DBY	1000	50000	500	0.2	0.5
10x	Bl6/Cast	Hippocampus	Male	PND_14	2	HC_14_M_2	shallow	5-10k	multiome	36	3	NA	ENCSR987SOK	ENCLB104XFX	ENCFF042HDP	1000	50000	500	0.2	0.5
10x	Bl6/Cast	Hippocampus	Female	PNM_02	1	HC_2m_F_1	shallow	5-10k	multiome	37	3	NA	ENCSR835JFN	ENCLB089YWN	ENCFF837DVA	1000	50000	500	0.2	0.5
10x	Bl6/Cast	Hippocampus	Female	PNM_02	2	HC_2m_F_2	shallow	5-10k	multiome	38	3	NA	ENCSR968RPR	ENCLB850RYI	ENCFF961FHF	1000	50000	500	0.2	0.5
10x	Bl6/Cast	Hippocampus	Male	PNM_02	1	HC_2m_M_1	shallow	5-10k	multiome	39	3	NA	ENCSR742NWO	ENCLB225KMP	ENCFF971OPH	1000	50000	500	0.2	0.5
10x	Bl6/Cast	Hippocampus	Male	PNM_02	2	HC_2m_M_2	shallow	5-10k	multiome	40	3	NA	ENCSR075HVN	ENCLB349KYC	ENCFF979WXE	1000	50000	500	0.2	0.5
Parse	Bl6/Cast	Adrenal	Female	PND_04	1	A_4_F_1	shallow	12k	normal	41	1	1005	ENCSR312AOC	ENCLB478VRS	ENCFF347IBQ	500	30000	500	0.25	1
Parse	Bl6/Cast	Adrenal	Female	PND_04	2	A_4_F_2	shallow	12k	normal	41	1	1005	ENCSR312AOC	ENCLB048AFA	ENCFF912OZD	500	30000	500	0.25	1
Parse	Bl6/Cast	Adrenal	Male	PND_04	1	A_4_M_1	shallow	12k	normal	41	1	1005	ENCSR165FLF	ENCLB669VKT	ENCFF136BWA	500	30000	500	0.25	1
Parse	Bl6/Cast	Adrenal	Male	PND_04	2	A_4_M_2	shallow	12k	normal	41	1	1005	ENCSR165FLF	ENCLB219ADY	ENCFF881IVZ	500	30000	500	0.25	1
Parse	Bl6/Cast	Adrenal	Female	PND_10	1	A_10_F_1	shallow	12k	normal	41	1	1005	ENCSR111SCI	ENCLB372WFL	ENCFF908RWZ	500	30000	500	0.25	1
Parse	Bl6/Cast	Adrenal	Female	PND_10	2	A_10_F_2	shallow	12k	normal	41	1	1005	ENCSR111SCI	ENCLB487UAH	ENCFF957QDM	500	30000	500	0.25	1
Parse	Bl6/Cast	Adrenal	Male	PND_10	1	A_10_M_1	shallow	12k	normal	41	1	1005	ENCSR662TPD	ENCLB415QIR	ENCFF278LFJ	500	30000	500	0.25	1
Parse	Bl6/Cast	Adrenal	Male	PND_10	2	A_10_M_2	shallow	12k	normal	41	1	1005	ENCSR662TPD	ENCLB516LIK	ENCFF081NID	500	30000	500	0.25	1
Parse	Bl6/Cast	Adrenal	Female	PND_14	1	A_14_F_1	shallow	12k	normal	41	1	1005	ENCSR998YMP	ENCLB486GRF	ENCFF115XKD	500	30000	500	0.25	1
Parse	Bl6/Cast	Adrenal	Female	PND_14	2	A_14_F_2	shallow	12k	normal	41	1	1005	ENCSR998YMP	ENCLB366QRE	ENCFF946NJC	500	30000	500	0.25	1
Parse	Bl6/Cast	Adrenal	Male	PND_14	1	A_14_M_1	shallow	12k	normal	41	1	1005	ENCSR776XMP	ENCLB919ROH	ENCFF188DXG	500	30000	500	0.25	1
Parse	Bl6/Cast	Adrenal	Male	PND_14	2	A_14_M_2	shallow	12k	normal	41	1	1005	ENCSR776XMP	ENCLB008UFH	ENCFF649DJW	500	30000	500	0.25	1
Parse	Bl6/Cast	Adrenal	Female	PND_25	1	A_25_F_1	shallow	12k	normal	41	1	1005	ENCSR396XOO	ENCLB071PVC	ENCFF756MCT	500	30000	500	0.25	1
Parse	Bl6/Cast	Adrenal	Female	PND_25	2	A_25_F_2	shallow	12k	normal	41	1	1005	ENCSR396XOO	ENCLB256KMY	ENCFF305GTC	500	30000	500	0.25	1
Parse	Bl6/Cast	Adrenal	Male	PND_25	1	A_25_M_1	shallow	12k	normal	41	1	1005	ENCSR711LRI	ENCLB867WXY	ENCFF907APV	500	30000	500	0.25	1
Parse	Bl6/Cast	Adrenal	Male	PND_25	2	A_25_M_2	shallow	12k	normal	41	1	1005	ENCSR711LRI	ENCLB796MAN	ENCFF892LYK	500	30000	500	0.25	1
Parse	Bl6/Cast	Adrenal	Female	PND_36	1	A_36_F_1	shallow	12k	normal	41	1	1005	ENCSR826EHD	ENCLB849GLG	ENCFF252PKI	500	30000	500	0.25	1
Parse	Bl6/Cast	Adrenal	Female	PND_36	2	A_36_F_2	shallow	12k	normal	41	1	1005	ENCSR826EHD	ENCLB637TJZ	ENCFF359FSC	500	30000	500	0.25	1
Parse	Bl6/Cast	Adrenal	Male	PND_36	1	A_36_M_1	shallow	12k	normal	41	1	1005	ENCSR108ZIJ	ENCLB561FUO	ENCFF112KSY	500	30000	500	0.25	1
Parse	Bl6/Cast	Adrenal	Male	PND_36	2	A_36_M_2	shallow	12k	normal	41	1	1005	ENCSR108ZIJ	ENCLB076JLF	ENCFF454IEI	500	30000	500	0.25	1
Parse	Bl6/Cast	Adrenal	Female	PNM_02	1	A_2m_F_1	shallow	12k	normal	41	1	1005	ENCSR097PDV	ENCLB804GBP	ENCFF125CQA	500	30000	500	0.25	1
Parse	Bl6/Cast	Adrenal	Female	PNM_02	2	A_2m_F_2	shallow	12k	normal	41	1	1005	ENCSR097PDV	ENCLB670TLT	ENCFF619REF	500	30000	500	0.25	1
Parse	Bl6/Cast	Adrenal	Male	PNM_02	1	A_2m_M_1	shallow	12k	normal	41	1	1005	ENCSR693KAV	ENCLB391MDC	ENCFF359ECE	500	30000	500	0.25	1
Parse	Bl6/Cast	Adrenal	Male	PNM_02	2	A_2m_M_2	shallow	12k	normal	41	1	1005	ENCSR693KAV	ENCLB476CPM	ENCFF285QGN	500	30000	500	0.25	1
Parse	Bl6/Cast	Adrenal	Female	PNM_18-20	1	A_18m_F_1	shallow	12k	normal	41	1	1005	ENCSR899EKD	ENCLB911AOW	ENCFF619IUH	500	30000	500	0.25	1
Parse	Bl6/Cast	Adrenal	Female	PNM_18-20	2	A_18m_F_2	shallow	12k	normal	41	1	1005	ENCSR899EKD	ENCLB352HCM	ENCFF005HKC	500	30000	500	0.25	1
Parse	Bl6/Cast	Adrenal	Male	PNM_18-20	1	A_18m_M_1	shallow	12k	normal	41	1	1005	ENCSR526LFP	ENCLB037XVW	ENCFF976KRH	500	30000	500	0.25	1
Parse	Bl6/Cast	Adrenal	Male	PNM_18-20	2	A_18m_M_2	shallow	12k	normal	41	1	1005	ENCSR526LFP	ENCLB390NYX	ENCFF797ADB	500	30000	500	0.25	1
Parse	Bl6/Cast	Adrenal	Female	PND_04	1	A_4_F_1	deep	2k	normal	42	2	1010	ENCSR627TLB	ENCLB750VNE	ENCFF686GDK	1000	50000	500	0.25	1
Parse	Bl6/Cast	Adrenal	Female	PND_04	2	A_4_F_2	deep	2k	normal	42	2	1010	ENCSR627TLB	ENCLB371QTK	ENCFF064CRU	1000	50000	500	0.25	1
Parse	Bl6/Cast	Adrenal	Male	PND_04	1	A_4_M_1	deep	2k	normal	42	2	1010	ENCSR472OOH	ENCLB836BRZ	ENCFF310LTS	1000	50000	500	0.25	1
Parse	Bl6/Cast	Adrenal	Male	PND_04	2	A_4_M_2	deep	2k	normal	42	2	1010	ENCSR472OOH	ENCLB033UXK	ENCFF637GES	1000	50000	500	0.25	1
Parse	Bl6/Cast	Adrenal	Female	PND_10	1	A_10_F_1	deep	2k	normal	42	2	1010	ENCSR049KDI	ENCLB143KVC	ENCFF574DXJ	1000	50000	500	0.25	1
Parse	Bl6/Cast	Adrenal	Female	PND_10	2	A_10_F_2	deep	2k	normal	42	2	1010	ENCSR049KDI	ENCLB731QGM	ENCFF028BZR	1000	50000	500	0.25	1
Parse	Bl6/Cast	Adrenal	Male	PND_10	1	A_10_M_1	deep	2k	normal	42	2	1010	ENCSR551OZP	ENCLB621JUD	ENCFF791ZWX	1000	50000	500	0.25	1
Parse	Bl6/Cast	Adrenal	Male	PND_10	2	A_10_M_2	deep	2k	normal	42	2	1010	ENCSR551OZP	ENCLB159ARB	ENCFF312CXM	1000	50000	500	0.25	1
Parse	Bl6/Cast	Adrenal	Female	PND_14	1	A_14_F_1	deep	2k	normal	42	2	1010	ENCSR358SBF	ENCLB593HHL	ENCFF467WTR	1000	50000	500	0.25	1
Parse	Bl6/Cast	Adrenal	Female	PND_14	2	A_14_F_2	deep	2k	normal	42	2	1010	ENCSR358SBF	ENCLB474FGN	ENCFF793UYD	1000	50000	500	0.25	1
Parse	Bl6/Cast	Adrenal	Male	PND_14	1	A_14_M_1	deep	2k	normal	42	2	1010	ENCSR711CNO	ENCLB511RUE	ENCFF381VIT	1000	50000	500	0.25	1
Parse	Bl6/Cast	Adrenal	Male	PND_14	2	A_14_M_2	deep	2k	normal	42	2	1010	ENCSR711CNO	ENCLB672DEE	ENCFF518ANV	1000	50000	500	0.25	1
Parse	Bl6/Cast	Adrenal	Female	PND_25	1	A_25_F_1	deep	2k	normal	42	2	1010	ENCSR291RIX	ENCLB740NJA	ENCFF707WVW	1000	50000	500	0.25	1
Parse	Bl6/Cast	Adrenal	Female	PND_25	2	A_25_F_2	deep	2k	normal	42	2	1010	ENCSR291RIX	ENCLB964XJT	ENCFF007MDK	1000	50000	500	0.25	1
Parse	Bl6/Cast	Adrenal	Male	PND_25	1	A_25_M_1	deep	2k	normal	42	2	1010	ENCSR148VQR	ENCLB793ZEJ	ENCFF349GLQ	1000	50000	500	0.25	1
Parse	Bl6/Cast	Adrenal	Male	PND_25	2	A_25_M_2	deep	2k	normal	42	2	1010	ENCSR148VQR	ENCLB943ALJ	ENCFF115JIG	1000	50000	500	0.25	1
Parse	Bl6/Cast	Adrenal	Female	PND_36	1	A_36_F_1	deep	2k	normal	42	2	1010	ENCSR196TWX	ENCLB785BIJ	ENCFF346DET	1000	50000	500	0.25	1
Parse	Bl6/Cast	Adrenal	Female	PND_36	2	A_36_F_2	deep	2k	normal	42	2	1010	ENCSR196TWX	ENCLB683BBT	ENCFF174WIK	1000	50000	500	0.25	1
Parse	Bl6/Cast	Adrenal	Male	PND_36	1	A_36_M_1	deep	2k	normal	42	2	1010	ENCSR575TNG	ENCLB449WLH	ENCFF375RQU	1000	50000	500	0.25	1
Parse	Bl6/Cast	Adrenal	Male	PND_36	2	A_36_M_2	deep	2k	normal	42	2	1010	ENCSR575TNG	ENCLB214LEL	ENCFF499BAR	1000	50000	500	0.25	1
Parse	Bl6/Cast	Adrenal	Female	PNM_02	1	A_2m_F_1	deep	2k	normal	42	2	1010	ENCSR950SIX	ENCLB755SWT	ENCFF808XNC	1000	50000	500	0.25	1
Parse	Bl6/Cast	Adrenal	Female	PNM_02	2	A_2m_F_2	deep	2k	normal	42	2	1010	ENCSR950SIX	ENCLB260YXF	ENCFF842NJZ	1000	50000	500	0.25	1
Parse	Bl6/Cast	Adrenal	Male	PNM_02	1	A_2m_M_1	deep	2k	normal	42	2	1010	ENCSR452BKB	ENCLB074KWI	ENCFF799BVZ	1000	50000	500	0.25	1
Parse	Bl6/Cast	Adrenal	Male	PNM_02	2	A_2m_M_2	deep	2k	normal	42	2	1010	ENCSR452BKB	ENCLB715SBJ	ENCFF261QSK	1000	50000	500	0.25	1
Parse	Bl6/Cast	Adrenal	Female	PNM_18-20	1	A_18m_F_1	deep	2k	normal	42	2	1010	ENCSR035ZCY	ENCLB540USO	ENCFF427TBG	1000	50000	500	0.25	1
Parse	Bl6/Cast	Adrenal	Female	PNM_18-20	2	A_18m_F_2	deep	2k	normal	42	2	1010	ENCSR035ZCY	ENCLB970HWV	ENCFF050XIP	1000	50000	500	0.25	1
Parse	Bl6/Cast	Adrenal	Male	PNM_18-20	1	A_18m_M_1	deep	2k	normal	42	2	1010	ENCSR982GYD	ENCLB879UGT	ENCFF393NCE	1000	50000	500	0.25	1
Parse	Bl6/Cast	Adrenal	Male	PNM_18-20	2	A_18m_M_2	deep	2k	normal	42	2	1010	ENCSR982GYD	ENCLB882RXT	ENCFF529OCF	1000	50000	500	0.25	1
Parse	Bl6/Cast	Adrenal	Female	PND_04	1	A_4_F_1	deep	2k	ont_match	43	2	1034	ENCSR732MDJ	ENCLB517ACD	ENCFF205FKX	1000	50000	500	0.25	1
Parse	Bl6/Cast	Adrenal	Female	PND_04	2	A_4_F_2	deep	2k	ont_match	43	2	1034	ENCSR732MDJ	ENCLB093BII	ENCFF125WTG	1000	50000	500	0.25	1
Parse	Bl6/Cast	Adrenal	Male	PND_04	1	A_4_M_1	deep	2k	ont_match	43	2	1034	ENCSR422JWZ	ENCLB924MNV	ENCFF468SAG	1000	50000	500	0.25	1
Parse	Bl6/Cast	Adrenal	Male	PND_04	2	A_4_M_2	deep	2k	ont_match	43	2	1034	ENCSR422JWZ	ENCLB454IQF	ENCFF880KVA	1000	50000	500	0.25	1
Parse	Bl6/Cast	Adrenal	Female	PND_10	1	A_10_F_1	deep	2k	ont_match	43	2	1034	ENCSR763LIT	ENCLB741YUG	ENCFF013VXD	1000	50000	500	0.25	1
Parse	Bl6/Cast	Adrenal	Female	PND_10	2	A_10_F_2	deep	2k	ont_match	43	2	1034	ENCSR763LIT	ENCLB339NZV	ENCFF725LUZ	1000	50000	500	0.25	1
Parse	Bl6/Cast	Adrenal	Male	PND_10	1	A_10_M_1	deep	2k	ont_match	43	2	1034	ENCSR552XCF	ENCLB096XEI	ENCFF412YDZ	1000	50000	500	0.25	1
Parse	Bl6/Cast	Adrenal	Male	PND_10	2	A_10_M_2	deep	2k	ont_match	43	2	1034	ENCSR552XCF	ENCLB842EQT	ENCFF534QKS	1000	50000	500	0.25	1
Parse	Bl6/Cast	Adrenal	Female	PND_14	1	A_14_F_1	deep	2k	ont_match	43	2	1034	ENCSR093CLX	ENCLB469KQZ	ENCFF399CTO	1000	50000	500	0.25	1
Parse	Bl6/Cast	Adrenal	Female	PND_14	2	A_14_F_2	deep	2k	ont_match	43	2	1034	ENCSR093CLX	ENCLB765SCG	ENCFF291YYJ	1000	50000	500	0.25	1
Parse	Bl6/Cast	Adrenal	Male	PND_14	1	A_14_M_1	deep	2k	ont_match	43	2	1034	ENCSR403MNL	ENCLB109THY	ENCFF382JCD	1000	50000	500	0.25	1
Parse	Bl6/Cast	Adrenal	Male	PND_14	2	A_14_M_2	deep	2k	ont_match	43	2	1034	ENCSR403MNL	ENCLB689QBZ	ENCFF914LGV	1000	50000	500	0.25	1
Parse	Bl6/Cast	Adrenal	Female	PND_25	1	A_25_F_1	deep	2k	ont_match	43	2	1034	ENCSR165VMQ	ENCLB679MGP	ENCFF118QLE	1000	50000	500	0.25	1
Parse	Bl6/Cast	Adrenal	Female	PND_25	2	A_25_F_2	deep	2k	ont_match	43	2	1034	ENCSR165VMQ	ENCLB903CLN	ENCFF697JED	1000	50000	500	0.25	1
Parse	Bl6/Cast	Adrenal	Male	PND_25	1	A_25_M_1	deep	2k	ont_match	43	2	1034	ENCSR263VNQ	ENCLB668FHK	ENCFF222YFL	1000	50000	500	0.25	1
Parse	Bl6/Cast	Adrenal	Male	PND_25	2	A_25_M_2	deep	2k	ont_match	43	2	1034	ENCSR263VNQ	ENCLB944QTS	ENCFF074BEM	1000	50000	500	0.25	1
Parse	Bl6/Cast	Adrenal	Female	PND_36	1	A_36_F_1	deep	2k	ont_match	43	2	1034	ENCSR402GQZ	ENCLB585ZUX	ENCFF636OLA	1000	50000	500	0.25	1
Parse	Bl6/Cast	Adrenal	Female	PND_36	2	A_36_F_2	deep	2k	ont_match	43	2	1034	ENCSR402GQZ	ENCLB691GNG	ENCFF598QHN	1000	50000	500	0.25	1
Parse	Bl6/Cast	Adrenal	Male	PND_36	1	A_36_M_1	deep	2k	ont_match	43	2	1034	ENCSR794RPU	ENCLB856JIZ	ENCFF100LQA	1000	50000	500	0.25	1
Parse	Bl6/Cast	Adrenal	Male	PND_36	2	A_36_M_2	deep	2k	ont_match	43	2	1034	ENCSR794RPU	ENCLB680GUP	ENCFF068JJH	1000	50000	500	0.25	1
Parse	Bl6/Cast	Adrenal	Female	PNM_02	1	A_2m_F_1	deep	2k	ont_match	43	2	1034	ENCSR454ZHR	ENCLB381HJR	ENCFF530GRI	1000	50000	500	0.25	1
Parse	Bl6/Cast	Adrenal	Female	PNM_02	2	A_2m_F_2	deep	2k	ont_match	43	2	1034	ENCSR454ZHR	ENCLB851NLO	ENCFF852KDF	1000	50000	500	0.25	1
Parse	Bl6/Cast	Adrenal	Male	PNM_02	1	A_2m_M_1	deep	2k	ont_match	43	2	1034	ENCSR216UTT	ENCLB419YTE	ENCFF540VMZ	1000	50000	500	0.25	1
Parse	Bl6/Cast	Adrenal	Male	PNM_02	2	A_2m_M_2	deep	2k	ont_match	43	2	1034	ENCSR216UTT	ENCLB126DIM	ENCFF285VGH	1000	50000	500	0.25	1
Parse	Bl6/Cast	Adrenal	Female	PNM_18-20	1	A_18m_F_1	deep	2k	ont_match	43	2	1034	ENCSR201SNQ	ENCLB048VRI	ENCFF596TKH	1000	50000	500	0.25	1
Parse	Bl6/Cast	Adrenal	Female	PNM_18-20	2	A_18m_F_2	deep	2k	ont_match	43	2	1034	ENCSR201SNQ	ENCLB866KKG	ENCFF213CZE	1000	50000	500	0.25	1
Parse	Bl6/Cast	Adrenal	Male	PNM_18-20	1	A_18m_M_1	deep	2k	ont_match	43	2	1034	ENCSR773CKJ	ENCLB107BBQ	ENCFF854PDW	1000	50000	500	0.25	1
Parse	Bl6/Cast	Adrenal	Male	PNM_18-20	2	A_18m_M_2	deep	2k	ont_match	43	2	1034	ENCSR773CKJ	ENCLB765UWE	ENCFF654LFW	1000	50000	500	0.25	1
Parse	Bl6/Cast	Gastrocnemius	Female	PND_04	1	G_4_F_1	shallow	12k	normal	44	1	1008	ENCSR627PLH	ENCLB996PVL	ENCFF413LWW	500	30000	300	0.25	5
Parse	Bl6/Cast	Gastrocnemius	Female	PND_04	2	G_4_F_2	shallow	12k	normal	44	1	1008	ENCSR627PLH	ENCLB191CDA	ENCFF706OKB	500	30000	300	0.25	5
Parse	Bl6/Cast	Gastrocnemius	Male	PND_04	1	G_4_M_1	shallow	12k	normal	44	1	1008	ENCSR930FUM	ENCLB940XLD	ENCFF788YTS	500	30000	300	0.25	5
Parse	Bl6/Cast	Gastrocnemius	Male	PND_04	2	G_4_M_2	shallow	12k	normal	44	1	1008	ENCSR930FUM	ENCLB196TSM	ENCFF620FIQ	500	30000	300	0.25	5
Parse	Bl6/Cast	Gastrocnemius	Female	PND_10	1	G_10_F_1	shallow	12k	normal	44	1	1008	ENCSR554FGW	ENCLB533FKA	ENCFF777XGM	500	30000	300	0.25	5
Parse	Bl6/Cast	Gastrocnemius	Female	PND_10	2	G_10_F_2	shallow	12k	normal	44	1	1008	ENCSR554FGW	ENCLB261KJK	ENCFF971QJE	500	30000	300	0.25	5
Parse	Bl6/Cast	Gastrocnemius	Male	PND_10	1	G_10_M_1	shallow	12k	normal	44	1	1008	ENCSR667UMR	ENCLB595FHR	ENCFF958QWJ	500	30000	300	0.25	5
Parse	Bl6/Cast	Gastrocnemius	Male	PND_10	2	G_10_M_2	shallow	12k	normal	44	1	1008	ENCSR667UMR	ENCLB494CGF	ENCFF283ISI	500	30000	300	0.25	5
Parse	Bl6/Cast	Gastrocnemius	Female	PND_14	1	G_14_F_1	shallow	12k	normal	44	1	1008	ENCSR355CTS	ENCLB734ODO	ENCFF015JQD	500	30000	300	0.25	5
Parse	Bl6/Cast	Gastrocnemius	Female	PND_14	2	G_14_F_2	shallow	12k	normal	44	1	1008	ENCSR355CTS	ENCLB585ITA	ENCFF243TUG	500	30000	300	0.25	5
Parse	Bl6/Cast	Gastrocnemius	Male	PND_14	1	G_14_M_1	shallow	12k	normal	44	1	1008	ENCSR581NLU	ENCLB784OSW	ENCFF374UYC	500	30000	300	0.25	5
Parse	Bl6/Cast	Gastrocnemius	Male	PND_14	2	G_14_M_2	shallow	12k	normal	44	1	1008	ENCSR581NLU	ENCLB615ZSX	ENCFF823PTE	500	30000	300	0.25	5
Parse	Bl6/Cast	Gastrocnemius	Female	PND_25	1	G_25_F_1	shallow	12k	normal	44	1	1008	ENCSR627XNK	ENCLB949VER	ENCFF550CCY	500	30000	300	0.25	5
Parse	Bl6/Cast	Gastrocnemius	Female	PND_25	2	G_25_F_2	shallow	12k	normal	44	1	1008	ENCSR627XNK	ENCLB638WEJ	ENCFF178GSZ	500	30000	300	0.25	5
Parse	Bl6/Cast	Gastrocnemius	Male	PND_25	1	G_25_M_1	shallow	12k	normal	44	1	1008	ENCSR823CLM	ENCLB126VML	ENCFF883PAZ	500	30000	300	0.25	5
Parse	Bl6/Cast	Gastrocnemius	Male	PND_25	2	G_25_M_2	shallow	12k	normal	44	1	1008	ENCSR823CLM	ENCLB043WMO	ENCFF534RLH	500	30000	300	0.25	5
Parse	Bl6/Cast	Gastrocnemius	Female	PND_36	1	G_36_F_1	shallow	12k	normal	44	1	1008	ENCSR488XVC	ENCLB363YDA	ENCFF708DBJ	500	30000	300	0.25	5
Parse	Bl6/Cast	Gastrocnemius	Female	PND_36	2	G_36_F_2	shallow	12k	normal	44	1	1008	ENCSR488XVC	ENCLB343PID	ENCFF262GLU	500	30000	300	0.25	5
Parse	Bl6/Cast	Gastrocnemius	Male	PND_36	1	G_36_M_1	shallow	12k	normal	44	1	1008	ENCSR459ESG	ENCLB549NJM	ENCFF302HFR	500	30000	300	0.25	5
Parse	Bl6/Cast	Gastrocnemius	Male	PND_36	2	G_36_M_2	shallow	12k	normal	44	1	1008	ENCSR459ESG	ENCLB982WJD	ENCFF237KLH	500	30000	300	0.25	5
Parse	Bl6/Cast	Gastrocnemius	Female	PNM_02	1	G_2m_F_1	shallow	12k	normal	44	1	1008	ENCSR576UHY	ENCLB018SZH	ENCFF248XLF	500	30000	300	0.25	5
Parse	Bl6/Cast	Gastrocnemius	Female	PNM_02	2	G_2m_F_2	shallow	12k	normal	44	1	1008	ENCSR576UHY	ENCLB063DMS	ENCFF054KER	500	30000	300	0.25	5
Parse	Bl6/Cast	Gastrocnemius	Male	PNM_02	1	G_2m_M_1	shallow	12k	normal	44	1	1008	ENCSR047KXM	ENCLB248YQO	ENCFF153XLJ	500	30000	300	0.25	5
Parse	Bl6/Cast	Gastrocnemius	Male	PNM_02	2	G_2m_M_2	shallow	12k	normal	44	1	1008	ENCSR047KXM	ENCLB852FRE	ENCFF601RKS	500	30000	300	0.25	5
Parse	Bl6/Cast	Gastrocnemius	Female	PNM_18-20	1	G_18m_F_1	shallow	12k	normal	44	1	1008	ENCSR927BSJ	ENCLB027SNY	ENCFF839JZU	500	30000	300	0.25	5
Parse	Bl6/Cast	Gastrocnemius	Female	PNM_18-20	2	G_18m_F_2	shallow	12k	normal	44	1	1008	ENCSR927BSJ	ENCLB927YFW	ENCFF800YUK	500	30000	300	0.25	5
Parse	Bl6/Cast	Gastrocnemius	Male	PNM_18-20	1	G_18m_M_1	shallow	12k	normal	44	1	1008	ENCSR019BZL	ENCLB271OSG	ENCFF266VFX	500	30000	300	0.25	5
Parse	Bl6/Cast	Gastrocnemius	Male	PNM_18-20	2	G_18m_M_2	shallow	12k	normal	44	1	1008	ENCSR019BZL	ENCLB080DFC	ENCFF597FTZ	500	30000	300	0.25	5
Parse	Bl6/Cast	Gastrocnemius	Female	PND_04	1	G_4_F_1	deep	1k	normal	45	2	1008	ENCSR928UPG	ENCLB642WTU	ENCFF529MWF	500	50000	300	0.25	5
Parse	Bl6/Cast	Gastrocnemius	Female	PND_04	2	G_4_F_2	deep	1k	normal	45	2	1008	ENCSR928UPG	ENCLB201GIH	ENCFF050BVO	500	50000	300	0.25	5
Parse	Bl6/Cast	Gastrocnemius	Male	PND_04	1	G_4_M_1	deep	1k	normal	45	2	1008	ENCSR419OCT	ENCLB109QGW	ENCFF282EKM	500	50000	300	0.25	5
Parse	Bl6/Cast	Gastrocnemius	Male	PND_04	2	G_4_M_2	deep	1k	normal	45	2	1008	ENCSR419OCT	ENCLB003PKT	ENCFF537MDQ	500	50000	300	0.25	5
Parse	Bl6/Cast	Gastrocnemius	Female	PND_10	1	G_10_F_1	deep	1k	normal	45	2	1008	ENCSR921SBQ	ENCLB337GLO	ENCFF102TGD	500	50000	300	0.25	5
Parse	Bl6/Cast	Gastrocnemius	Female	PND_10	2	G_10_F_2	deep	1k	normal	45	2	1008	ENCSR921SBQ	ENCLB778PIZ	ENCFF315JUJ	500	50000	300	0.25	5
Parse	Bl6/Cast	Gastrocnemius	Male	PND_10	1	G_10_M_1	deep	1k	normal	45	2	1008	ENCSR650QSN	ENCLB921TTM	ENCFF420BMP	500	50000	300	0.25	5
Parse	Bl6/Cast	Gastrocnemius	Male	PND_10	2	G_10_M_2	deep	1k	normal	45	2	1008	ENCSR650QSN	ENCLB658DGK	ENCFF356AQS	500	50000	300	0.25	5
Parse	Bl6/Cast	Gastrocnemius	Female	PND_14	1	G_14_F_1	deep	1k	normal	45	2	1008	ENCSR650VIQ	ENCLB286LJH	ENCFF178EEN	500	50000	300	0.25	5
Parse	Bl6/Cast	Gastrocnemius	Female	PND_14	2	G_14_F_2	deep	1k	normal	45	2	1008	ENCSR650VIQ	ENCLB398WHZ	ENCFF762VSU	500	50000	300	0.25	5
Parse	Bl6/Cast	Gastrocnemius	Male	PND_14	1	G_14_M_1	deep	1k	normal	45	2	1008	ENCSR728NFJ	ENCLB546MVT	ENCFF506JON	500	50000	300	0.25	5
Parse	Bl6/Cast	Gastrocnemius	Male	PND_14	2	G_14_M_2	deep	1k	normal	45	2	1008	ENCSR728NFJ	ENCLB578XRO	ENCFF558MKG	500	50000	300	0.25	5
Parse	Bl6/Cast	Gastrocnemius	Female	PND_25	1	G_25_F_1	deep	1k	normal	45	2	1008	ENCSR161BNJ	ENCLB753SMP	ENCFF821IFQ	500	50000	300	0.25	5
Parse	Bl6/Cast	Gastrocnemius	Female	PND_25	2	G_25_F_2	deep	1k	normal	45	2	1008	ENCSR161BNJ	ENCLB177TVC	ENCFF045AYE	500	50000	300	0.25	5
Parse	Bl6/Cast	Gastrocnemius	Male	PND_25	1	G_25_M_1	deep	1k	normal	45	2	1008	ENCSR514XCG	ENCLB607NFB	ENCFF795SPC	500	50000	300	0.25	5
Parse	Bl6/Cast	Gastrocnemius	Male	PND_25	2	G_25_M_2	deep	1k	normal	45	2	1008	ENCSR514XCG	ENCLB035RVT	ENCFF907LNC	500	50000	300	0.25	5
Parse	Bl6/Cast	Gastrocnemius	Female	PND_36	1	G_36_F_1	deep	1k	normal	45	2	1008	ENCSR961HBK	ENCLB676XJX	ENCFF698CZE	500	50000	300	0.25	5
Parse	Bl6/Cast	Gastrocnemius	Female	PND_36	2	G_36_F_2	deep	1k	normal	45	2	1008	ENCSR961HBK	ENCLB533ZGL	ENCFF520NOB	500	50000	300	0.25	5
Parse	Bl6/Cast	Gastrocnemius	Male	PND_36	1	G_36_M_1	deep	1k	normal	45	2	1008	ENCSR305VTL	ENCLB115NFJ	ENCFF827YMI	500	50000	300	0.25	5
Parse	Bl6/Cast	Gastrocnemius	Male	PND_36	2	G_36_M_2	deep	1k	normal	45	2	1008	ENCSR305VTL	ENCLB335FQZ	ENCFF793IPC	500	50000	300	0.25	5
Parse	Bl6/Cast	Gastrocnemius	Female	PNM_02	1	G_2m_F_1	deep	1k	normal	45	2	1008	ENCSR908PNN	ENCLB519CDG	ENCFF237RRM	500	50000	300	0.25	5
Parse	Bl6/Cast	Gastrocnemius	Female	PNM_02	2	G_2m_F_2	deep	1k	normal	45	2	1008	ENCSR908PNN	ENCLB503IXH	ENCFF222AZS	500	50000	300	0.25	5
Parse	Bl6/Cast	Gastrocnemius	Male	PNM_02	1	G_2m_M_1	deep	1k	normal	45	2	1008	ENCSR496OYJ	ENCLB019ZEA	ENCFF099FLV	500	50000	300	0.25	5
Parse	Bl6/Cast	Gastrocnemius	Male	PNM_02	2	G_2m_M_2	deep	1k	normal	45	2	1008	ENCSR496OYJ	ENCLB370WUK	ENCFF507BJA	500	50000	300	0.25	5
Parse	Bl6/Cast	Gastrocnemius	Female	PNM_18-20	1	G_18m_F_1	deep	1k	normal	45	2	1008	ENCSR974ODT	ENCLB246EKZ	ENCFF779CJI	500	50000	300	0.25	5
Parse	Bl6/Cast	Gastrocnemius	Female	PNM_18-20	2	G_18m_F_2	deep	1k	normal	45	2	1008	ENCSR974ODT	ENCLB390UOV	ENCFF873LWR	500	50000	300	0.25	5
Parse	Bl6/Cast	Gastrocnemius	Male	PNM_18-20	1	G_18m_M_1	deep	1k	normal	45	2	1008	ENCSR187HKH	ENCLB445HCF	ENCFF684YRA	500	50000	300	0.25	5
Parse	Bl6/Cast	Gastrocnemius	Male	PNM_18-20	2	G_18m_M_2	deep	1k	normal	45	2	1008	ENCSR187HKH	ENCLB697UFJ	ENCFF547JPH	500	50000	300	0.25	5
Parse	Bl6/Cast	Gastrocnemius	Female	PND_04	1	G_4_F_1	shallow	15k	normal	46	1	1014	ENCSR696NAL	ENCLB822ZBL	ENCFF243SXF	500	30000	300	0.25	5
Parse	Bl6/Cast	Gastrocnemius	Female	PND_04	2	G_4_F_2	shallow	15k	normal	46	1	1014	ENCSR696NAL	ENCLB424IGC	ENCFF487DQG	500	30000	300	0.25	5
Parse	Bl6/Cast	Gastrocnemius	Male	PND_04	1	G_4_M_1	shallow	15k	normal	46	1	1014	ENCSR328JOY	ENCLB626MJP	ENCFF574GWY	500	30000	300	0.25	5
Parse	Bl6/Cast	Gastrocnemius	Male	PND_04	2	G_4_M_2	shallow	15k	normal	46	1	1014	ENCSR328JOY	ENCLB590WTC	ENCFF350ZIT	500	30000	300	0.25	5
Parse	Bl6/Cast	Gastrocnemius	Female	PND_10	1	G_10_F_1	shallow	15k	normal	46	1	1014	ENCSR253YLA	ENCLB746SMP	ENCFF843JXE	500	30000	300	0.25	5
Parse	Bl6/Cast	Gastrocnemius	Female	PND_10	2	G_10_F_2	shallow	15k	normal	46	1	1014	ENCSR253YLA	ENCLB655KFD	ENCFF921PJL	500	30000	300	0.25	5
Parse	Bl6/Cast	Gastrocnemius	Male	PND_10	1	G_10_M_1	shallow	15k	normal	46	1	1014	ENCSR653HPZ	ENCLB858UWU	ENCFF010TXC	500	30000	300	0.25	5
Parse	Bl6/Cast	Gastrocnemius	Male	PND_10	2	G_10_M_2	shallow	15k	normal	46	1	1014	ENCSR653HPZ	ENCLB884SGO	ENCFF841BQT	500	30000	300	0.25	5
Parse	Bl6/Cast	Gastrocnemius	Female	PND_14	1	G_14_F_1	shallow	15k	normal	46	1	1014	ENCSR462NDO	ENCLB633YKU	ENCFF766QNR	500	30000	300	0.25	5
Parse	Bl6/Cast	Gastrocnemius	Female	PND_14	2	G_14_F_2	shallow	15k	normal	46	1	1014	ENCSR462NDO	ENCLB360SHA	ENCFF897KEK	500	30000	300	0.25	5
Parse	Bl6/Cast	Gastrocnemius	Male	PND_14	1	G_14_M_1	shallow	15k	normal	46	1	1014	ENCSR498SXJ	ENCLB093FVQ	ENCFF881RTY	500	30000	300	0.25	5
Parse	Bl6/Cast	Gastrocnemius	Male	PND_14	2	G_14_M_2	shallow	15k	normal	46	1	1014	ENCSR498SXJ	ENCLB866TKE	ENCFF323ZJS	500	30000	300	0.25	5
Parse	Bl6/Cast	Gastrocnemius	Female	PND_25	1	G_25_F_1	shallow	15k	normal	46	1	1014	ENCSR399TQO	ENCLB062GPW	ENCFF724IZZ	500	30000	300	0.25	5
Parse	Bl6/Cast	Gastrocnemius	Female	PND_25	2	G_25_F_2	shallow	15k	normal	46	1	1014	ENCSR399TQO	ENCLB840KBQ	ENCFF144AJU	500	30000	300	0.25	5
Parse	Bl6/Cast	Gastrocnemius	Male	PND_25	1	G_25_M_1	shallow	15k	normal	46	1	1014	ENCSR577OFZ	ENCLB686MYR	ENCFF692RNP	500	30000	300	0.25	5
Parse	Bl6/Cast	Gastrocnemius	Male	PND_25	2	G_25_M_2	shallow	15k	normal	46	1	1014	ENCSR577OFZ	ENCLB669IFQ	ENCFF816VIX	500	30000	300	0.25	5
Parse	Bl6/Cast	Gastrocnemius	Female	PND_36	1	G_36_F_1	shallow	15k	normal	46	1	1014	ENCSR966QJD	ENCLB628NDM	ENCFF316FCM	500	30000	300	0.25	5
Parse	Bl6/Cast	Gastrocnemius	Female	PND_36	2	G_36_F_2	shallow	15k	normal	46	1	1014	ENCSR966QJD	ENCLB840OSY	ENCFF640MQW	500	30000	300	0.25	5
Parse	Bl6/Cast	Gastrocnemius	Male	PND_36	1	G_36_M_1	shallow	15k	normal	46	1	1014	ENCSR580UNE	ENCLB996GDM	ENCFF392SEB	500	30000	300	0.25	5
Parse	Bl6/Cast	Gastrocnemius	Male	PND_36	2	G_36_M_2	shallow	15k	normal	46	1	1014	ENCSR580UNE	ENCLB549UXG	ENCFF864RDV	500	30000	300	0.25	5
Parse	Bl6/Cast	Gastrocnemius	Female	PNM_02	1	G_2m_F_1	shallow	15k	normal	46	1	1014	ENCSR137UJM	ENCLB439RIB	ENCFF565NTX	500	30000	300	0.25	5
Parse	Bl6/Cast	Gastrocnemius	Female	PNM_02	2	G_2m_F_2	shallow	15k	normal	46	1	1014	ENCSR137UJM	ENCLB295AKM	ENCFF489LKH	500	30000	300	0.25	5
Parse	Bl6/Cast	Gastrocnemius	Male	PNM_02	1	G_2m_M_1	shallow	15k	normal	46	1	1014	ENCSR150KKS	ENCLB213PUL	ENCFF242CNE	500	30000	300	0.25	5
Parse	Bl6/Cast	Gastrocnemius	Male	PNM_02	2	G_2m_M_2	shallow	15k	normal	46	1	1014	ENCSR150KKS	ENCLB570ZDP	ENCFF052TLF	500	30000	300	0.25	5
Parse	Bl6/Cast	Gastrocnemius	Female	PNM_18-20	1	G_18m_F_1	shallow	15k	normal	46	1	1014	ENCSR279GBC	ENCLB677KVE	ENCFF456APF	500	30000	300	0.25	5
Parse	Bl6/Cast	Gastrocnemius	Female	PNM_18-20	2	G_18m_F_2	shallow	15k	normal	46	1	1014	ENCSR279GBC	ENCLB122RJO	ENCFF942HQU	500	30000	300	0.25	5
Parse	Bl6/Cast	Gastrocnemius	Male	PNM_18-20	1	G_18m_M_1	shallow	15k	normal	46	1	1014	ENCSR480RWU	ENCLB961HIF	ENCFF167RAK	500	30000	300	0.25	5
Parse	Bl6/Cast	Gastrocnemius	Male	PNM_18-20	2	G_18m_M_2	shallow	15k	normal	46	1	1014	ENCSR480RWU	ENCLB223ZBJ	ENCFF725SHE	500	30000	300	0.25	5
Parse	Bl6/Cast	Gastrocnemius	Female	PND_04	1	G_4_F_1	deep	2k	normal	47	2	1014	ENCSR644SME	ENCLB918XPI	ENCFF438DYL	500	50000	300	0.25	5
Parse	Bl6/Cast	Gastrocnemius	Female	PND_04	2	G_4_F_2	deep	2k	normal	47	2	1014	ENCSR644SME	ENCLB304ADY	ENCFF608RMA	500	50000	300	0.25	5
Parse	Bl6/Cast	Gastrocnemius	Male	PND_04	1	G_4_M_1	deep	2k	normal	47	2	1014	ENCSR790DPF	ENCLB578UHU	ENCFF436XXO	500	50000	300	0.25	5
Parse	Bl6/Cast	Gastrocnemius	Male	PND_04	2	G_4_M_2	deep	2k	normal	47	2	1014	ENCSR790DPF	ENCLB086AKH	ENCFF849EJG	500	50000	300	0.25	5
Parse	Bl6/Cast	Gastrocnemius	Female	PND_10	1	G_10_F_1	deep	2k	normal	47	2	1014	ENCSR138QIF	ENCLB639CLJ	ENCFF519TAN	500	50000	300	0.25	5
Parse	Bl6/Cast	Gastrocnemius	Female	PND_10	2	G_10_F_2	deep	2k	normal	47	2	1014	ENCSR138QIF	ENCLB479CCX	ENCFF138MAN	500	50000	300	0.25	5
Parse	Bl6/Cast	Gastrocnemius	Male	PND_10	1	G_10_M_1	deep	2k	normal	47	2	1014	ENCSR182SMX	ENCLB057CVT	ENCFF572KVD	500	50000	300	0.25	5
Parse	Bl6/Cast	Gastrocnemius	Male	PND_10	2	G_10_M_2	deep	2k	normal	47	2	1014	ENCSR182SMX	ENCLB112QYE	ENCFF523WIS	500	50000	300	0.25	5
Parse	Bl6/Cast	Gastrocnemius	Female	PND_14	1	G_14_F_1	deep	2k	normal	47	2	1014	ENCSR094YHS	ENCLB225LKT	ENCFF400PVV	500	50000	300	0.25	5
Parse	Bl6/Cast	Gastrocnemius	Female	PND_14	2	G_14_F_2	deep	2k	normal	47	2	1014	ENCSR094YHS	ENCLB249QAX	ENCFF444GUD	500	50000	300	0.25	5
Parse	Bl6/Cast	Gastrocnemius	Male	PND_14	1	G_14_M_1	deep	2k	normal	47	2	1014	ENCSR160AKB	ENCLB064HGO	ENCFF601WXH	500	50000	300	0.25	5
Parse	Bl6/Cast	Gastrocnemius	Male	PND_14	2	G_14_M_2	deep	2k	normal	47	2	1014	ENCSR160AKB	ENCLB914VRR	ENCFF631AAE	500	50000	300	0.25	5
Parse	Bl6/Cast	Gastrocnemius	Female	PND_25	1	G_25_F_1	deep	2k	normal	47	2	1014	ENCSR800QGK	ENCLB794POB	ENCFF837GRY	500	50000	300	0.25	5
Parse	Bl6/Cast	Gastrocnemius	Female	PND_25	2	G_25_F_2	deep	2k	normal	47	2	1014	ENCSR800QGK	ENCLB880ZLG	ENCFF051XPU	500	50000	300	0.25	5
Parse	Bl6/Cast	Gastrocnemius	Male	PND_25	1	G_25_M_1	deep	2k	normal	47	2	1014	ENCSR358NKP	ENCLB745WXH	ENCFF773WGE	500	50000	300	0.25	5
Parse	Bl6/Cast	Gastrocnemius	Male	PND_25	2	G_25_M_2	deep	2k	normal	47	2	1014	ENCSR358NKP	ENCLB342BHZ	ENCFF489TJK	500	50000	300	0.25	5
Parse	Bl6/Cast	Gastrocnemius	Female	PND_36	1	G_36_F_1	deep	2k	normal	47	2	1014	ENCSR548JRH	ENCLB912OOA	ENCFF500NPJ	500	50000	300	0.25	5
Parse	Bl6/Cast	Gastrocnemius	Female	PND_36	2	G_36_F_2	deep	2k	normal	47	2	1014	ENCSR548JRH	ENCLB640NHB	ENCFF026QYM	500	50000	300	0.25	5
Parse	Bl6/Cast	Gastrocnemius	Male	PND_36	1	G_36_M_1	deep	2k	normal	47	2	1014	ENCSR231VJO	ENCLB571LOU	ENCFF653UZO	500	50000	300	0.25	5
Parse	Bl6/Cast	Gastrocnemius	Male	PND_36	2	G_36_M_2	deep	2k	normal	47	2	1014	ENCSR231VJO	ENCLB567VTD	ENCFF369WOY	500	50000	300	0.25	5
Parse	Bl6/Cast	Gastrocnemius	Female	PNM_02	1	G_2m_F_1	deep	2k	normal	47	2	1014	ENCSR816PAX	ENCLB204EKU	ENCFF745KTY	500	50000	300	0.25	5
Parse	Bl6/Cast	Gastrocnemius	Female	PNM_02	2	G_2m_F_2	deep	2k	normal	47	2	1014	ENCSR816PAX	ENCLB469VRL	ENCFF267CMZ	500	50000	300	0.25	5
Parse	Bl6/Cast	Gastrocnemius	Male	PNM_02	1	G_2m_M_1	deep	2k	normal	47	2	1014	ENCSR026VDA	ENCLB522NPO	ENCFF992YXD	500	50000	300	0.25	5
Parse	Bl6/Cast	Gastrocnemius	Male	PNM_02	2	G_2m_M_2	deep	2k	normal	47	2	1014	ENCSR026VDA	ENCLB873RKB	ENCFF524QBH	500	50000	300	0.25	5
Parse	Bl6/Cast	Gastrocnemius	Female	PNM_18-20	1	G_18m_F_1	deep	2k	normal	47	2	1014	ENCSR083EPD	ENCLB620HWQ	ENCFF121PLD	500	50000	300	0.25	5
Parse	Bl6/Cast	Gastrocnemius	Female	PNM_18-20	2	G_18m_F_2	deep	2k	normal	47	2	1014	ENCSR083EPD	ENCLB754SEX	ENCFF937QCU	500	50000	300	0.25	5
Parse	Bl6/Cast	Gastrocnemius	Male	PNM_18-20	1	G_18m_M_1	deep	2k	normal	47	2	1014	ENCSR425UJQ	ENCLB947PWM	ENCFF160XTO	500	50000	300	0.25	5
Parse	Bl6/Cast	Gastrocnemius	Male	PNM_18-20	2	G_18m_M_2	deep	2k	normal	47	2	1014	ENCSR425UJQ	ENCLB773HLI	ENCFF340UGS	500	50000	300	0.25	5
Parse	Bl6/Cast	Cortex	Female	PND_04	1	C_4_F_1	shallow	12k	normal	48	1	1010	ENCSR490RCS	ENCLB966DFA	ENCFF572IZI	500	30000	500	0.2	0.5
Parse	Bl6/Cast	Cortex	Female	PND_04	2	C_4_F_2	shallow	12k	normal	48	1	1010	ENCSR490RCS	ENCLB001CZH	ENCFF466YUQ	500	30000	500	0.2	0.5
Parse	Bl6/Cast	Cortex	Male	PND_04	1	C_4_M_1	shallow	12k	normal	48	1	1010	ENCSR037LFG	ENCLB872HTN	ENCFF508EVC	500	30000	500	0.2	0.5
Parse	Bl6/Cast	Cortex	Male	PND_04	2	C_4_M_2	shallow	12k	normal	48	1	1010	ENCSR037LFG	ENCLB613RTM	ENCFF941EYP	500	30000	500	0.2	0.5
Parse	Bl6/Cast	Cortex	Female	PND_10	1	C_10_F_1	shallow	12k	normal	48	1	1010	ENCSR827AOS	ENCLB067KRK	ENCFF919HMB	500	30000	500	0.2	0.5
Parse	Bl6/Cast	Cortex	Female	PND_10	2	C_10_F_2	shallow	12k	normal	48	1	1010	ENCSR827AOS	ENCLB577LGZ	ENCFF887VTC	500	30000	500	0.2	0.5
Parse	Bl6/Cast	Cortex	Male	PND_10	1	C_10_M_1	shallow	12k	normal	48	1	1010	ENCSR527LIA	ENCLB010QHA	ENCFF550CQR	500	30000	500	0.2	0.5
Parse	Bl6/Cast	Cortex	Male	PND_10	2	C_10_M_2	shallow	12k	normal	48	1	1010	ENCSR527LIA	ENCLB324TXL	ENCFF407KYC	500	30000	500	0.2	0.5
Parse	Bl6/Cast	Cortex	Female	PND_14	1	C_14_F_1	shallow	12k	normal	48	1	1010	ENCSR084RQP	ENCLB870FRH	ENCFF042LCU	500	30000	500	0.2	0.5
Parse	Bl6/Cast	Cortex	Female	PND_14	2	C_14_F_2	shallow	12k	normal	48	1	1010	ENCSR084RQP	ENCLB475AQQ	ENCFF198ZDZ	500	30000	500	0.2	0.5
Parse	Bl6/Cast	Cortex	Male	PND_14	1	C_14_M_1	shallow	12k	normal	48	1	1010	ENCSR118FCJ	ENCLB585BUB	ENCFF403CLZ	500	30000	500	0.2	0.5
Parse	Bl6/Cast	Cortex	Male	PND_14	2	C_14_M_2	shallow	12k	normal	48	1	1010	ENCSR118FCJ	ENCLB353TUN	ENCFF888RLC	500	30000	500	0.2	0.5
Parse	Bl6/Cast	Cortex	Female	PND_25	1	C_25_F_1	shallow	12k	normal	48	1	1010	ENCSR611QJH	ENCLB532ZTA	ENCFF775LEK	500	30000	500	0.2	0.5
Parse	Bl6/Cast	Cortex	Female	PND_25	2	C_25_F_2	shallow	12k	normal	48	1	1010	ENCSR611QJH	ENCLB801VVS	ENCFF028VIG	500	30000	500	0.2	0.5
Parse	Bl6/Cast	Cortex	Male	PND_25	1	C_25_M_1	shallow	12k	normal	48	1	1010	ENCSR248MFG	ENCLB956COJ	ENCFF152DEP	500	30000	500	0.2	0.5
Parse	Bl6/Cast	Cortex	Male	PND_25	2	C_25_M_2	shallow	12k	normal	48	1	1010	ENCSR248MFG	ENCLB878KRT	ENCFF502SOX	500	30000	500	0.2	0.5
Parse	Bl6/Cast	Cortex	Female	PND_36	1	C_36_F_1	shallow	12k	normal	48	1	1010	ENCSR450IJU	ENCLB820KSP	ENCFF873UCS	500	30000	500	0.2	0.5
Parse	Bl6/Cast	Cortex	Female	PND_36	2	C_36_F_2	shallow	12k	normal	48	1	1010	ENCSR450IJU	ENCLB278RJO	ENCFF150XJB	500	30000	500	0.2	0.5
Parse	Bl6/Cast	Cortex	Male	PND_36	1	C_36_M_1	shallow	12k	normal	48	1	1010	ENCSR254SLA	ENCLB776BDA	ENCFF677GSK	500	30000	500	0.2	0.5
Parse	Bl6/Cast	Cortex	Male	PND_36	2	C_36_M_2	shallow	12k	normal	48	1	1010	ENCSR254SLA	ENCLB349IZR	ENCFF685OER	500	30000	500	0.2	0.5
Parse	Bl6/Cast	Cortex	Female	PNM_02	1	C_2m_F_1	shallow	12k	normal	48	1	1010	ENCSR839BHY	ENCLB486POI	ENCFF778DIX	500	30000	500	0.2	0.5
Parse	Bl6/Cast	Cortex	Female	PNM_02	2	C_2m_F_2	shallow	12k	normal	48	1	1010	ENCSR839BHY	ENCLB859SFU	ENCFF265IUT	500	30000	500	0.2	0.5
Parse	Bl6/Cast	Cortex	Male	PNM_02	1	C_2m_M_1	shallow	12k	normal	48	1	1010	ENCSR793HMA	ENCLB883MZY	ENCFF671RVS	500	30000	500	0.2	0.5
Parse	Bl6/Cast	Cortex	Male	PNM_02	2	C_2m_M_2	shallow	12k	normal	48	1	1010	ENCSR793HMA	ENCLB126LEY	ENCFF789ZSK	500	30000	500	0.2	0.5
Parse	Bl6/Cast	Cortex	Female	PNM_18-20	1	C_18m_F_1	shallow	12k	normal	48	1	1010	ENCSR308DHB	ENCLB706UWR	ENCFF774FRA	500	30000	500	0.2	0.5
Parse	Bl6/Cast	Cortex	Female	PNM_18-20	2	C_18m_F_2	shallow	12k	normal	48	1	1010	ENCSR308DHB	ENCLB581OUI	ENCFF622NZZ	500	30000	500	0.2	0.5
Parse	Bl6/Cast	Cortex	Male	PNM_18-20	1	C_18m_M_1	shallow	12k	normal	48	1	1010	ENCSR883XZK	ENCLB075CEB	ENCFF147KJQ	500	30000	500	0.2	0.5
Parse	Bl6/Cast	Cortex	Male	PNM_18-20	2	C_18m_M_2	shallow	12k	normal	48	1	1010	ENCSR883XZK	ENCLB132HUB	ENCFF857PGA	500	30000	500	0.2	0.5
Parse	Bl6/Cast	Cortex	Female	PND_04	1	C_4_F_1	deep	2k	normal	49	2	1010	ENCSR632SJM	ENCLB797XUM	ENCFF122YOJ	1000	50000	500	0.2	0.5
Parse	Bl6/Cast	Cortex	Female	PND_04	2	C_4_F_2	deep	2k	normal	49	2	1010	ENCSR632SJM	ENCLB998QFD	ENCFF780SSC	1000	50000	500	0.2	0.5
Parse	Bl6/Cast	Cortex	Male	PND_04	1	C_4_M_1	deep	2k	normal	49	2	1010	ENCSR220GBV	ENCLB807BQV	ENCFF654VZJ	1000	50000	500	0.2	0.5
Parse	Bl6/Cast	Cortex	Male	PND_04	2	C_4_M_2	deep	2k	normal	49	2	1010	ENCSR220GBV	ENCLB927HPV	ENCFF559WXW	1000	50000	500	0.2	0.5
Parse	Bl6/Cast	Cortex	Female	PND_10	1	C_10_F_1	deep	2k	normal	49	2	1010	ENCSR257BOU	ENCLB536VVO	ENCFF894MDZ	1000	50000	500	0.2	0.5
Parse	Bl6/Cast	Cortex	Female	PND_10	2	C_10_F_2	deep	2k	normal	49	2	1010	ENCSR257BOU	ENCLB475JGQ	ENCFF948AMT	1000	50000	500	0.2	0.5
Parse	Bl6/Cast	Cortex	Male	PND_10	1	C_10_M_1	deep	2k	normal	49	2	1010	ENCSR386PPF	ENCLB626ZWO	ENCFF722YTU	1000	50000	500	0.2	0.5
Parse	Bl6/Cast	Cortex	Male	PND_10	2	C_10_M_2	deep	2k	normal	49	2	1010	ENCSR386PPF	ENCLB070DDL	ENCFF385LFB	1000	50000	500	0.2	0.5
Parse	Bl6/Cast	Cortex	Female	PND_14	1	C_14_F_1	deep	2k	normal	49	2	1010	ENCSR081SXM	ENCLB861UVF	ENCFF311YXE	1000	50000	500	0.2	0.5
Parse	Bl6/Cast	Cortex	Female	PND_14	2	C_14_F_2	deep	2k	normal	49	2	1010	ENCSR081SXM	ENCLB984ILH	ENCFF339FUL	1000	50000	500	0.2	0.5
Parse	Bl6/Cast	Cortex	Male	PND_14	1	C_14_M_1	deep	2k	normal	49	2	1010	ENCSR659DFF	ENCLB106CMC	ENCFF020HJU	1000	50000	500	0.2	0.5
Parse	Bl6/Cast	Cortex	Male	PND_14	2	C_14_M_2	deep	2k	normal	49	2	1010	ENCSR659DFF	ENCLB893EDU	ENCFF317TJO	1000	50000	500	0.2	0.5
Parse	Bl6/Cast	Cortex	Female	PND_25	1	C_25_F_1	deep	2k	normal	49	2	1010	ENCSR964OQW	ENCLB440WWI	ENCFF825LSW	1000	50000	500	0.2	0.5
Parse	Bl6/Cast	Cortex	Female	PND_25	2	C_25_F_2	deep	2k	normal	49	2	1010	ENCSR964OQW	ENCLB156QHU	ENCFF792BFX	1000	50000	500	0.2	0.5
Parse	Bl6/Cast	Cortex	Male	PND_25	1	C_25_M_1	deep	2k	normal	49	2	1010	ENCSR544MGC	ENCLB283GKO	ENCFF724BUA	1000	50000	500	0.2	0.5
Parse	Bl6/Cast	Cortex	Male	PND_25	2	C_25_M_2	deep	2k	normal	49	2	1010	ENCSR544MGC	ENCLB154DIW	ENCFF310JQS	1000	50000	500	0.2	0.5
Parse	Bl6/Cast	Cortex	Female	PND_36	1	C_36_F_1	deep	2k	normal	49	2	1010	ENCSR302VFA	ENCLB956KBS	ENCFF515VDG	1000	50000	500	0.2	0.5
Parse	Bl6/Cast	Cortex	Female	PND_36	2	C_36_F_2	deep	2k	normal	49	2	1010	ENCSR302VFA	ENCLB885MNL	ENCFF227ZRS	1000	50000	500	0.2	0.5
Parse	Bl6/Cast	Cortex	Male	PND_36	1	C_36_M_1	deep	2k	normal	49	2	1010	ENCSR132KMR	ENCLB066LUV	ENCFF116IRO	1000	50000	500	0.2	0.5
Parse	Bl6/Cast	Cortex	Male	PND_36	2	C_36_M_2	deep	2k	normal	49	2	1010	ENCSR132KMR	ENCLB242KYL	ENCFF318CRR	1000	50000	500	0.2	0.5
Parse	Bl6/Cast	Cortex	Female	PNM_02	1	C_2m_F_1	deep	2k	normal	49	2	1010	ENCSR178PKG	ENCLB891WAL	ENCFF014CRV	1000	50000	500	0.2	0.5
Parse	Bl6/Cast	Cortex	Female	PNM_02	2	C_2m_F_2	deep	2k	normal	49	2	1010	ENCSR178PKG	ENCLB972QSW	ENCFF163PFY	1000	50000	500	0.2	0.5
Parse	Bl6/Cast	Cortex	Male	PNM_02	1	C_2m_M_1	deep	2k	normal	49	2	1010	ENCSR250SCW	ENCLB223DPT	ENCFF982HYB	1000	50000	500	0.2	0.5
Parse	Bl6/Cast	Cortex	Male	PNM_02	2	C_2m_M_2	deep	2k	normal	49	2	1010	ENCSR250SCW	ENCLB799LCJ	ENCFF642UFR	1000	50000	500	0.2	0.5
Parse	Bl6/Cast	Cortex	Female	PNM_18-20	1	C_18m_F_1	deep	2k	normal	49	2	1010	ENCSR092RYV	ENCLB311ZJJ	ENCFF582LJF	1000	50000	500	0.2	0.5
Parse	Bl6/Cast	Cortex	Female	PNM_18-20	2	C_18m_F_2	deep	2k	normal	49	2	1010	ENCSR092RYV	ENCLB920FTQ	ENCFF175QZK	1000	50000	500	0.2	0.5
Parse	Bl6/Cast	Cortex	Male	PNM_18-20	1	C_18m_M_1	deep	2k	normal	49	2	1010	ENCSR134FSZ	ENCLB956ELF	ENCFF897EPA	1000	50000	500	0.2	0.5
Parse	Bl6/Cast	Cortex	Male	PNM_18-20	2	C_18m_M_2	deep	2k	normal	49	2	1010	ENCSR134FSZ	ENCLB039CRC	ENCFF468MRD	1000	50000	500	0.2	0.5
Parse	Bl6/Cast	Heart	Female	PND_04	1	H_4_F_1	shallow	12k	normal	50	1	1014	ENCSR729BRE	ENCLB472MAW	ENCFF099LAA	500	30000	500	0.25	1
Parse	Bl6/Cast	Heart	Female	PND_04	2	H_4_F_2	shallow	12k	normal	50	1	1014	ENCSR729BRE	ENCLB134MUP	ENCFF465YHJ	500	30000	500	0.25	1
Parse	Bl6/Cast	Heart	Male	PND_04	1	H_4_M_1	shallow	12k	normal	50	1	1014	ENCSR266RTS	ENCLB814AGQ	ENCFF870KPI	500	30000	500	0.25	1
Parse	Bl6/Cast	Heart	Male	PND_04	2	H_4_M_2	shallow	12k	normal	50	1	1014	ENCSR266RTS	ENCLB788WXA	ENCFF785ZXO	500	30000	500	0.25	1
Parse	Bl6/Cast	Heart	Female	PND_10	1	H_10_F_1	shallow	12k	normal	50	1	1014	ENCSR442NQZ	ENCLB401CXM	ENCFF729IHL	500	30000	500	0.25	1
Parse	Bl6/Cast	Heart	Female	PND_10	2	H_10_F_2	shallow	12k	normal	50	1	1014	ENCSR442NQZ	ENCLB041UXR	ENCFF779HDS	500	30000	500	0.25	1
Parse	Bl6/Cast	Heart	Male	PND_10	1	H_10_M_1	shallow	12k	normal	50	1	1014	ENCSR440PMT	ENCLB688JDM	ENCFF433YGY	500	30000	500	0.25	1
Parse	Bl6/Cast	Heart	Male	PND_10	2	H_10_M_2	shallow	12k	normal	50	1	1014	ENCSR440PMT	ENCLB502XLE	ENCFF189FRM	500	30000	500	0.25	1
Parse	Bl6/Cast	Heart	Female	PND_14	1	H_14_F_1	shallow	12k	normal	50	1	1014	ENCSR938YKJ	ENCLB588CNK	ENCFF155WQW	500	30000	500	0.25	1
Parse	Bl6/Cast	Heart	Female	PND_14	2	H_14_F_2	shallow	12k	normal	50	1	1014	ENCSR938YKJ	ENCLB395VZG	ENCFF924PBE	500	30000	500	0.25	1
Parse	Bl6/Cast	Heart	Male	PND_14	1	H_14_M_1	shallow	12k	normal	50	1	1014	ENCSR041KFB	ENCLB232EFI	ENCFF322KQL	500	30000	500	0.25	1
Parse	Bl6/Cast	Heart	Male	PND_14	2	H_14_M_2	shallow	12k	normal	50	1	1014	ENCSR041KFB	ENCLB786LHP	ENCFF729XRQ	500	30000	500	0.25	1
Parse	Bl6/Cast	Heart	Female	PND_25	1	H_25_F_1	shallow	12k	normal	50	1	1014	ENCSR906KCJ	ENCLB465HEU	ENCFF678WSJ	500	30000	500	0.25	1
Parse	Bl6/Cast	Heart	Female	PND_25	2	H_25_F_2	shallow	12k	normal	50	1	1014	ENCSR906KCJ	ENCLB279XOJ	ENCFF181DVF	500	30000	500	0.25	1
Parse	Bl6/Cast	Heart	Male	PND_25	1	H_25_M_1	shallow	12k	normal	50	1	1014	ENCSR764CYB	ENCLB236QCO	ENCFF839SHM	500	30000	500	0.25	1
Parse	Bl6/Cast	Heart	Male	PND_25	2	H_25_M_2	shallow	12k	normal	50	1	1014	ENCSR764CYB	ENCLB899LPA	ENCFF532HWJ	500	30000	500	0.25	1
Parse	Bl6/Cast	Heart	Female	PND_36	1	H_36_F_1	shallow	12k	normal	50	1	1014	ENCSR594LDC	ENCLB751QGW	ENCFF026OWF	500	30000	500	0.25	1
Parse	Bl6/Cast	Heart	Female	PND_36	2	H_36_F_2	shallow	12k	normal	50	1	1014	ENCSR594LDC	ENCLB858NYU	ENCFF937BVG	500	30000	500	0.25	1
Parse	Bl6/Cast	Heart	Male	PND_36	1	H_36_M_1	shallow	12k	normal	50	1	1014	ENCSR860LQG	ENCLB327QWK	ENCFF627ZZD	500	30000	500	0.25	1
Parse	Bl6/Cast	Heart	Male	PND_36	2	H_36_M_2	shallow	12k	normal	50	1	1014	ENCSR860LQG	ENCLB525NMC	ENCFF163XGY	500	30000	500	0.25	1
Parse	Bl6/Cast	Heart	Female	PNM_02	1	H_2m_F_1	shallow	12k	normal	50	1	1014	ENCSR303EIR	ENCLB558EQK	ENCFF477JSG	500	30000	500	0.25	1
Parse	Bl6/Cast	Heart	Female	PNM_02	2	H_2m_F_2	shallow	12k	normal	50	1	1014	ENCSR303EIR	ENCLB994FPH	ENCFF831CYO	500	30000	500	0.25	1
Parse	Bl6/Cast	Heart	Male	PNM_02	1	H_2m_M_1	shallow	12k	normal	50	1	1014	ENCSR617CNE	ENCLB301CVY	ENCFF764SJN	500	30000	500	0.25	1
Parse	Bl6/Cast	Heart	Male	PNM_02	2	H_2m_M_2	shallow	12k	normal	50	1	1014	ENCSR617CNE	ENCLB874PEL	ENCFF750IHS	500	30000	500	0.25	1
Parse	Bl6/Cast	Heart	Female	PNM_18-20	1	H_18m_F_1	shallow	12k	normal	50	1	1014	ENCSR305SPL	ENCLB481DBZ	ENCFF605APC	500	30000	500	0.25	1
Parse	Bl6/Cast	Heart	Female	PNM_18-20	2	H_18m_F_2	shallow	12k	normal	50	1	1014	ENCSR305SPL	ENCLB860NKI	ENCFF776GLO	500	30000	500	0.25	1
Parse	Bl6/Cast	Heart	Male	PNM_18-20	1	H_18m_M_1	shallow	12k	normal	50	1	1014	ENCSR147TEP	ENCLB820YPQ	ENCFF585SOZ	500	30000	500	0.25	1
Parse	Bl6/Cast	Heart	Male	PNM_18-20	2	H_18m_M_2	shallow	12k	normal	50	1	1014	ENCSR147TEP	ENCLB545OTE	ENCFF204SAL	500	30000	500	0.25	1
Parse	Bl6/Cast	Heart	Female	PND_04	1	H_4_F_1	deep	2k	normal	51	2	1014	ENCSR122DEZ	ENCLB534VTN	ENCFF670BEU	1000	50000	500	0.25	1
Parse	Bl6/Cast	Heart	Female	PND_04	2	H_4_F_2	deep	2k	normal	51	2	1014	ENCSR122DEZ	ENCLB863LRS	ENCFF166WPK	1000	50000	500	0.25	1
Parse	Bl6/Cast	Heart	Male	PND_04	1	H_4_M_1	deep	2k	normal	51	2	1014	ENCSR247PQY	ENCLB648HBN	ENCFF930SBW	1000	50000	500	0.25	1
Parse	Bl6/Cast	Heart	Male	PND_04	2	H_4_M_2	deep	2k	normal	51	2	1014	ENCSR247PQY	ENCLB270IKS	ENCFF250NYD	1000	50000	500	0.25	1
Parse	Bl6/Cast	Heart	Female	PND_10	1	H_10_F_1	deep	2k	normal	51	2	1014	ENCSR868XSG	ENCLB129LFT	ENCFF540WTW	1000	50000	500	0.25	1
Parse	Bl6/Cast	Heart	Female	PND_10	2	H_10_F_2	deep	2k	normal	51	2	1014	ENCSR868XSG	ENCLB621EIT	ENCFF413SXT	1000	50000	500	0.25	1
Parse	Bl6/Cast	Heart	Male	PND_10	1	H_10_M_1	deep	2k	normal	51	2	1014	ENCSR975YAQ	ENCLB363WWI	ENCFF819FJO	1000	50000	500	0.25	1
Parse	Bl6/Cast	Heart	Male	PND_10	2	H_10_M_2	deep	2k	normal	51	2	1014	ENCSR975YAQ	ENCLB134RGQ	ENCFF559QFA	1000	50000	500	0.25	1
Parse	Bl6/Cast	Heart	Female	PND_14	1	H_14_F_1	deep	2k	normal	51	2	1014	ENCSR125HRM	ENCLB570ZQE	ENCFF397POJ	1000	50000	500	0.25	1
Parse	Bl6/Cast	Heart	Female	PND_14	2	H_14_F_2	deep	2k	normal	51	2	1014	ENCSR125HRM	ENCLB230PXB	ENCFF620QPN	1000	50000	500	0.25	1
Parse	Bl6/Cast	Heart	Male	PND_14	1	H_14_M_1	deep	2k	normal	51	2	1014	ENCSR277UKO	ENCLB883MSA	ENCFF040FDO	1000	50000	500	0.25	1
Parse	Bl6/Cast	Heart	Male	PND_14	2	H_14_M_2	deep	2k	normal	51	2	1014	ENCSR277UKO	ENCLB524WLL	ENCFF586RZU	1000	50000	500	0.25	1
Parse	Bl6/Cast	Heart	Female	PND_25	1	H_25_F_1	deep	2k	normal	51	2	1014	ENCSR237OCP	ENCLB540ICC	ENCFF649ODJ	1000	50000	500	0.25	1
Parse	Bl6/Cast	Heart	Female	PND_25	2	H_25_F_2	deep	2k	normal	51	2	1014	ENCSR237OCP	ENCLB574GTO	ENCFF300DWP	1000	50000	500	0.25	1
Parse	Bl6/Cast	Heart	Male	PND_25	1	H_25_M_1	deep	2k	normal	51	2	1014	ENCSR688APT	ENCLB284CPU	ENCFF929YHL	1000	50000	500	0.25	1
Parse	Bl6/Cast	Heart	Male	PND_25	2	H_25_M_2	deep	2k	normal	51	2	1014	ENCSR688APT	ENCLB618UUX	ENCFF979XKC	1000	50000	500	0.25	1
Parse	Bl6/Cast	Heart	Female	PND_36	1	H_36_F_1	deep	2k	normal	51	2	1014	ENCSR559AAG	ENCLB033XLU	ENCFF707DQQ	1000	50000	500	0.25	1
Parse	Bl6/Cast	Heart	Female	PND_36	2	H_36_F_2	deep	2k	normal	51	2	1014	ENCSR559AAG	ENCLB845DSU	ENCFF321INK	1000	50000	500	0.25	1
Parse	Bl6/Cast	Heart	Male	PND_36	1	H_36_M_1	deep	2k	normal	51	2	1014	ENCSR337DKH	ENCLB835OER	ENCFF161HLE	1000	50000	500	0.25	1
Parse	Bl6/Cast	Heart	Male	PND_36	2	H_36_M_2	deep	2k	normal	51	2	1014	ENCSR337DKH	ENCLB218OZS	ENCFF082CQW	1000	50000	500	0.25	1
Parse	Bl6/Cast	Heart	Female	PNM_02	1	H_2m_F_1	deep	2k	normal	51	2	1014	ENCSR809WJL	ENCLB671FWJ	ENCFF882CTI	1000	50000	500	0.25	1
Parse	Bl6/Cast	Heart	Female	PNM_02	2	H_2m_F_2	deep	2k	normal	51	2	1014	ENCSR809WJL	ENCLB791LRQ	ENCFF415YAF	1000	50000	500	0.25	1
Parse	Bl6/Cast	Heart	Male	PNM_02	1	H_2m_M_1	deep	2k	normal	51	2	1014	ENCSR573UKV	ENCLB236NYK	ENCFF294YGI	1000	50000	500	0.25	1
Parse	Bl6/Cast	Heart	Male	PNM_02	2	H_2m_M_2	deep	2k	normal	51	2	1014	ENCSR573UKV	ENCLB549HXS	ENCFF506YJP	1000	50000	500	0.25	1
Parse	Bl6/Cast	Heart	Female	PNM_18-20	1	H_18m_F_1	deep	2k	normal	51	2	1014	ENCSR743OKJ	ENCLB191IJY	ENCFF789MXN	1000	50000	500	0.25	1
Parse	Bl6/Cast	Heart	Female	PNM_18-20	2	H_18m_F_2	deep	2k	normal	51	2	1014	ENCSR743OKJ	ENCLB003RYS	ENCFF145MUT	1000	50000	500	0.25	1
Parse	Bl6/Cast	Heart	Male	PNM_18-20	1	H_18m_M_1	deep	2k	normal	51	2	1014	ENCSR455YDL	ENCLB965KXU	ENCFF885YDT	1000	50000	500	0.25	1
Parse	Bl6/Cast	Heart	Male	PNM_18-20	2	H_18m_M_2	deep	2k	normal	51	2	1014	ENCSR455YDL	ENCLB944MJT	ENCFF286OZL	1000	50000	500	0.25	1
Parse	Bl6/Cast	Hippocampus	Female	PND_10	1	HC_10_F_1	shallow	12k	normal	52	1	1016	ENCSR079GGS	ENCLB924QPU	ENCFF750CZP	500	30000	500	0.2	0.5
Parse	Bl6/Cast	Hippocampus	Female	PND_10	2	HC_10_F_2	shallow	12k	normal	52	1	1016	ENCSR079GGS	ENCLB706KFB	ENCFF376OAO	500	30000	500	0.2	0.5
Parse	Bl6/Cast	Hippocampus	Male	PND_10	1	HC_10_M_1	shallow	12k	normal	52	1	1016	ENCSR846QIZ	ENCLB117ETC	ENCFF873DEX	500	30000	500	0.2	0.5
Parse	Bl6/Cast	Hippocampus	Male	PND_10	2	HC_10_M_2	shallow	12k	normal	52	1	1016	ENCSR846QIZ	ENCLB818NOG	ENCFF375ODB	500	30000	500	0.2	0.5
Parse	Bl6/Cast	Hippocampus	Female	PND_14	1	HC_14_F_1	shallow	12k	normal	52	1	1016	ENCSR483SSM	ENCLB033TBC	ENCFF227GTS	500	30000	500	0.2	0.5
Parse	Bl6/Cast	Hippocampus	Female	PND_14	2	HC_14_F_2	shallow	12k	normal	52	1	1016	ENCSR483SSM	ENCLB497GHS	ENCFF110AIM	500	30000	500	0.2	0.5
Parse	Bl6/Cast	Hippocampus	Male	PND_14	1	HC_14_M_1	shallow	12k	normal	52	1	1016	ENCSR642QUS	ENCLB176WTS	ENCFF487ZNT	500	30000	500	0.2	0.5
Parse	Bl6/Cast	Hippocampus	Male	PND_14	2	HC_14_M_2	shallow	12k	normal	52	1	1016	ENCSR642QUS	ENCLB959OHU	ENCFF917POV	500	30000	500	0.2	0.5
Parse	Bl6/Cast	Hippocampus	Female	PND_25	1	HC_25_F_1	shallow	12k	normal	52	1	1016	ENCSR569LJC	ENCLB196OFT	ENCFF669IUD	500	30000	500	0.2	0.5
Parse	Bl6/Cast	Hippocampus	Female	PND_25	2	HC_25_F_2	shallow	12k	normal	52	1	1016	ENCSR569LJC	ENCLB357LOI	ENCFF906FLW	500	30000	500	0.2	0.5
Parse	Bl6/Cast	Hippocampus	Male	PND_25	1	HC_25_M_1	shallow	12k	normal	52	1	1016	ENCSR399EUZ	ENCLB057SXW	ENCFF940QIZ	500	30000	500	0.2	0.5
Parse	Bl6/Cast	Hippocampus	Male	PND_25	2	HC_25_M_2	shallow	12k	normal	52	1	1016	ENCSR399EUZ	ENCLB696YVD	ENCFF674YGW	500	30000	500	0.2	0.5
Parse	Bl6/Cast	Hippocampus	Female	PND_36	1	HC_36_F_1	shallow	12k	normal	52	1	1016	ENCSR967YET	ENCLB802EGO	ENCFF838YID	500	30000	500	0.2	0.5
Parse	Bl6/Cast	Hippocampus	Female	PND_36	2	HC_36_F_2	shallow	12k	normal	52	1	1016	ENCSR967YET	ENCLB487OLR	ENCFF159WNW	500	30000	500	0.2	0.5
Parse	Bl6/Cast	Hippocampus	Male	PND_36	1	HC_36_M_1	shallow	12k	normal	52	1	1016	ENCSR940VCU	ENCLB406MQP	ENCFF059IVO	500	30000	500	0.2	0.5
Parse	Bl6/Cast	Hippocampus	Male	PND_36	2	HC_36_M_2	shallow	12k	normal	52	1	1016	ENCSR940VCU	ENCLB464YXA	ENCFF938IAK	500	30000	500	0.2	0.5
Parse	Bl6/Cast	Hippocampus	Female	PNM_02	1	HC_2m_F_1	shallow	12k	normal	52	1	1016	ENCSR203XJO	ENCLB972LZE	ENCFF642ZRA	500	30000	500	0.2	0.5
Parse	Bl6/Cast	Hippocampus	Female	PNM_02	2	HC_2m_F_2	shallow	12k	normal	52	1	1016	ENCSR203XJO	ENCLB177MAH	ENCFF241MDG	500	30000	500	0.2	0.5
Parse	Bl6/Cast	Hippocampus	Male	PNM_02	1	HC_2m_M_1	shallow	12k	normal	52	1	1016	ENCSR435CMT	ENCLB186WYP	ENCFF592GXV	500	30000	500	0.2	0.5
Parse	Bl6/Cast	Hippocampus	Male	PNM_02	2	HC_2m_M_2	shallow	12k	normal	52	1	1016	ENCSR435CMT	ENCLB360PKX	ENCFF245HDH	500	30000	500	0.2	0.5
Parse	Bl6/Cast	Hippocampus	Male	PNM_18-20	1	HC_18m_M_1	shallow	12k	normal	52	1	1016	ENCSR545URU	ENCLB819OXS	ENCFF566LCH	500	30000	500	0.2	0.5
Parse	Bl6/Cast	Hippocampus	Male	PNM_18-20	2	HC_18m_M_2	shallow	12k	normal	52	1	1016	ENCSR545URU	ENCLB964GMZ	ENCFF218VHF	500	30000	500	0.2	0.5
Parse	Bl6/Cast	Hippocampus	Female	PND_10	1	HC_10_F_1	deep	2k	normal	53	2	1016	ENCSR257VQO	ENCLB903KKG	ENCFF137YTG	1000	50000	500	0.2	0.5
Parse	Bl6/Cast	Hippocampus	Female	PND_10	2	HC_10_F_2	deep	2k	normal	53	2	1016	ENCSR257VQO	ENCLB219EWD	ENCFF260QKY	1000	50000	500	0.2	0.5
Parse	Bl6/Cast	Hippocampus	Male	PND_10	1	HC_10_M_1	deep	2k	normal	53	2	1016	ENCSR127LUZ	ENCLB998CDS	ENCFF352NLP	1000	50000	500	0.2	0.5
Parse	Bl6/Cast	Hippocampus	Male	PND_10	2	HC_10_M_2	deep	2k	normal	53	2	1016	ENCSR127LUZ	ENCLB538QVH	ENCFF722NKF	1000	50000	500	0.2	0.5
Parse	Bl6/Cast	Hippocampus	Female	PND_14	1	HC_14_F_1	deep	2k	normal	53	2	1016	ENCSR859XOI	ENCLB933ASV	ENCFF911TNW	1000	50000	500	0.2	0.5
Parse	Bl6/Cast	Hippocampus	Female	PND_14	2	HC_14_F_2	deep	2k	normal	53	2	1016	ENCSR859XOI	ENCLB367HZZ	ENCFF065YZL	1000	50000	500	0.2	0.5
Parse	Bl6/Cast	Hippocampus	Male	PND_14	1	HC_14_M_1	deep	2k	normal	53	2	1016	ENCSR736JKX	ENCLB747VGK	ENCFF774JHO	1000	50000	500	0.2	0.5
Parse	Bl6/Cast	Hippocampus	Male	PND_14	2	HC_14_M_2	deep	2k	normal	53	2	1016	ENCSR736JKX	ENCLB032ZXT	ENCFF354WNP	1000	50000	500	0.2	0.5
Parse	Bl6/Cast	Hippocampus	Female	PND_25	1	HC_25_F_1	deep	2k	normal	53	2	1016	ENCSR499ZYZ	ENCLB340IWZ	ENCFF610SWC	1000	50000	500	0.2	0.5
Parse	Bl6/Cast	Hippocampus	Female	PND_25	2	HC_25_F_2	deep	2k	normal	53	2	1016	ENCSR499ZYZ	ENCLB561OFB	ENCFF331XHW	1000	50000	500	0.2	0.5
Parse	Bl6/Cast	Hippocampus	Male	PND_25	1	HC_25_M_1	deep	2k	normal	53	2	1016	ENCSR983TAK	ENCLB506MGR	ENCFF252WOO	1000	50000	500	0.2	0.5
Parse	Bl6/Cast	Hippocampus	Male	PND_25	2	HC_25_M_2	deep	2k	normal	53	2	1016	ENCSR983TAK	ENCLB481LCB	ENCFF553PSX	1000	50000	500	0.2	0.5
Parse	Bl6/Cast	Hippocampus	Female	PND_36	1	HC_36_F_1	deep	2k	normal	53	2	1016	ENCSR613VKV	ENCLB828XLK	ENCFF749SMR	1000	50000	500	0.2	0.5
Parse	Bl6/Cast	Hippocampus	Female	PND_36	2	HC_36_F_2	deep	2k	normal	53	2	1016	ENCSR613VKV	ENCLB243SGE	ENCFF727CJZ	1000	50000	500	0.2	0.5
Parse	Bl6/Cast	Hippocampus	Male	PND_36	1	HC_36_M_1	deep	2k	normal	53	2	1016	ENCSR767FKE	ENCLB284ZJK	ENCFF794XTM	1000	50000	500	0.2	0.5
Parse	Bl6/Cast	Hippocampus	Male	PND_36	2	HC_36_M_2	deep	2k	normal	53	2	1016	ENCSR767FKE	ENCLB716KZC	ENCFF874IVZ	1000	50000	500	0.2	0.5
Parse	Bl6/Cast	Hippocampus	Female	PNM_02	1	HC_2m_F_1	deep	2k	normal	53	2	1016	ENCSR824CFI	ENCLB297DPA	ENCFF572LCS	1000	50000	500	0.2	0.5
Parse	Bl6/Cast	Hippocampus	Female	PNM_02	2	HC_2m_F_2	deep	2k	normal	53	2	1016	ENCSR824CFI	ENCLB242YJU	ENCFF042LED	1000	50000	500	0.2	0.5
Parse	Bl6/Cast	Hippocampus	Male	PNM_02	1	HC_2m_M_1	deep	2k	normal	53	2	1016	ENCSR329JYG	ENCLB291LEG	ENCFF804TTW	1000	50000	500	0.2	0.5
Parse	Bl6/Cast	Hippocampus	Male	PNM_02	2	HC_2m_M_2	deep	2k	normal	53	2	1016	ENCSR329JYG	ENCLB779UHQ	ENCFF394DHC	1000	50000	500	0.2	0.5
Parse	Bl6/Cast	Hippocampus	Male	PNM_18-20	1	HC_18m_M_1	deep	2k	normal	53	2	1016	ENCSR079CKL	ENCLB081SUD	ENCFF304TFJ	1000	50000	500	0.2	0.5
Parse	Bl6/Cast	Hippocampus	Male	PNM_18-20	2	HC_18m_M_2	deep	2k	normal	53	2	1016	ENCSR079CKL	ENCLB514RLH	ENCFF895QAF	1000	50000	500	0.2	0.5
Parse	Bl6/Cast	Hippocampus	Female	PND_10	1	HC_10_F_1	deep	2k	ont_match	54	2	1023	ENCSR888TQC	ENCLB093ZEB	ENCFF811MAT	1000	50000	500	0.2	0.5
Parse	Bl6/Cast	Hippocampus	Female	PND_10	2	HC_10_F_2	deep	2k	ont_match	54	2	1023	ENCSR888TQC	ENCLB767RCV	ENCFF926IHS	1000	50000	500	0.2	0.5
Parse	Bl6/Cast	Hippocampus	Male	PND_10	1	HC_10_M_1	deep	2k	ont_match	54	2	1023	ENCSR979MRY	ENCLB463YUO	ENCFF720GZG	1000	50000	500	0.2	0.5
Parse	Bl6/Cast	Hippocampus	Male	PND_10	2	HC_10_M_2	deep	2k	ont_match	54	2	1023	ENCSR979MRY	ENCLB259RAA	ENCFF586TOF	1000	50000	500	0.2	0.5
Parse	Bl6/Cast	Hippocampus	Female	PND_14	1	HC_14_F_1	deep	2k	ont_match	54	2	1023	ENCSR973WCI	ENCLB970EMO	ENCFF287RXU	1000	50000	500	0.2	0.5
Parse	Bl6/Cast	Hippocampus	Female	PND_14	2	HC_14_F_2	deep	2k	ont_match	54	2	1023	ENCSR973WCI	ENCLB144UXB	ENCFF447PMI	1000	50000	500	0.2	0.5
Parse	Bl6/Cast	Hippocampus	Male	PND_14	1	HC_14_M_1	deep	2k	ont_match	54	2	1023	ENCSR247QPJ	ENCLB245USU	ENCFF430KEC	1000	50000	500	0.2	0.5
Parse	Bl6/Cast	Hippocampus	Male	PND_14	2	HC_14_M_2	deep	2k	ont_match	54	2	1023	ENCSR247QPJ	ENCLB208PDA	ENCFF794PMO	1000	50000	500	0.2	0.5
Parse	Bl6/Cast	Hippocampus	Female	PND_25	1	HC_25_F_1	deep	2k	ont_match	54	2	1023	ENCSR730JFZ	ENCLB263MUS	ENCFF656AKQ	1000	50000	500	0.2	0.5
Parse	Bl6/Cast	Hippocampus	Female	PND_25	2	HC_25_F_2	deep	2k	ont_match	54	2	1023	ENCSR730JFZ	ENCLB678IDN	ENCFF900MWO	1000	50000	500	0.2	0.5
Parse	Bl6/Cast	Hippocampus	Male	PND_25	1	HC_25_M_1	deep	2k	ont_match	54	2	1023	ENCSR167HUO	ENCLB078HYI	ENCFF263EVP	1000	50000	500	0.2	0.5
Parse	Bl6/Cast	Hippocampus	Male	PND_25	2	HC_25_M_2	deep	2k	ont_match	54	2	1023	ENCSR167HUO	ENCLB958FDX	ENCFF319YGL	1000	50000	500	0.2	0.5
Parse	Bl6/Cast	Hippocampus	Female	PND_36	1	HC_36_F_1	deep	2k	ont_match	54	2	1023	ENCSR869HKZ	ENCLB971YWN	ENCFF895CPU	1000	50000	500	0.2	0.5
Parse	Bl6/Cast	Hippocampus	Female	PND_36	2	HC_36_F_2	deep	2k	ont_match	54	2	1023	ENCSR869HKZ	ENCLB541LEL	ENCFF930JMF	1000	50000	500	0.2	0.5
Parse	Bl6/Cast	Hippocampus	Male	PND_36	1	HC_36_M_1	deep	2k	ont_match	54	2	1023	ENCSR926QCE	ENCLB233DSJ	ENCFF990QGO	1000	50000	500	0.2	0.5
Parse	Bl6/Cast	Hippocampus	Male	PND_36	2	HC_36_M_2	deep	2k	ont_match	54	2	1023	ENCSR926QCE	ENCLB033ZJD	ENCFF846NDO	1000	50000	500	0.2	0.5
Parse	Bl6/Cast	Hippocampus	Female	PNM_02	1	HC_2m_F_1	deep	2k	ont_match	54	2	1023	ENCSR692LZA	ENCLB256HGX	ENCFF002FHC	1000	50000	500	0.2	0.5
Parse	Bl6/Cast	Hippocampus	Female	PNM_02	2	HC_2m_F_2	deep	2k	ont_match	54	2	1023	ENCSR692LZA	ENCLB106VMV	ENCFF847GGB	1000	50000	500	0.2	0.5
Parse	Bl6/Cast	Hippocampus	Male	PNM_02	1	HC_2m_M_1	deep	2k	ont_match	54	2	1023	ENCSR320EFC	ENCLB653CUU	ENCFF718SJZ	1000	50000	500	0.2	0.5
Parse	Bl6/Cast	Hippocampus	Male	PNM_02	2	HC_2m_M_2	deep	2k	ont_match	54	2	1023	ENCSR320EFC	ENCLB950YDB	ENCFF692EVE	1000	50000	500	0.2	0.5
Parse	Bl6/Cast	Hippocampus	Male	PNM_18-20	1	HC_18m_M_1	deep	2k	ont_match	54	2	1023	ENCSR232VMC	ENCLB925PUE	ENCFF260MAH	1000	50000	500	0.2	0.5
Parse	Bl6/Cast	Hippocampus	Male	PNM_18-20	2	HC_18m_M_2	deep	2k	ont_match	54	2	1023	ENCSR232VMC	ENCLB217YGZ	ENCFF540ETU	1000	50000	500	0.2	0.5
Parse	C3H	C2C12	Female	0hr	NA	C2C12_0hr_cells	shallow	9k	normal	55	NA	NA	ENCSR503QZJ	ENCLB129LMS	ENCFF907ZKD	500	30000	300	0.25	5
Parse	C3H	C2C12	Female	0hr	NA	C2C12_0hr_nuclei	shallow	9k	normal	55	NA	NA	ENCSR452OYH	ENCLB294FBZ	ENCFF710WSJ	500	30000	300	0.25	5
Parse	C3H	C2C12	Female	72hr	NA	C2C12_72hr_nuclei	shallow	9k	normal	55	NA	NA	ENCSR109DAN	ENCLB527JDU	ENCFF300GVY	500	30000	300	0.25	5
Parse	C3H	C2C12	Female	0hr	NA	C2C12_0hr_cells	deep	1k	normal	56	NA	NA	ENCSR388EIN	ENCLB952MZJ	ENCFF006DTQ	1000	50000	300	0.25	5
Parse	C3H	C2C12	Female	0hr	NA	C2C12_0hr_nuclei	deep	1k	normal	56	NA	NA	ENCSR877NAX	ENCLB514RKT	ENCFF239OJE	1000	50000	300	0.25	5
Parse	C3H	C2C12	Female	72hr	NA	C2C12_72hr_nuclei	deep	1k	normal	56	NA	NA	ENCSR572SMD	ENCLB273ZWE	ENCFF546AYZ	1000	50000	300	0.25	5
