File accession	File assembly	Experiment accession	Assay	Donor(s)	Biosample term id	Biosample term name	Age	Sex	Tissue_short	Age_short	Sex_short	Rep_short	Sample	tissue_long	age_long	sample_mrna	ENCODE_year	Biosample type	Biosample organism	Biological replicate(s)	Technical replicate(s)	md5sum
ENCFF837MSR	mm10	ENCSR949VVK	microRNA-seq	/mouse-donors/ENCDO956IXV/	UBERON:0002369	adrenal gland	PND_0	NA	A	0	NA	1	A_0_NA_1	adrenal	PND0	adrenal_PND0_na_1	3	tissue	Mus musculus	1	1_1	2a049f71705d65e31f9f6878f6282707
ENCFF513FWO	mm10	ENCSR949VVK	microRNA-seq	/mouse-donors/ENCDO956IXV/	UBERON:0002369	adrenal gland	PND_0	NA	A	0	NA	2	A_0_NA_2	adrenal	PND0	adrenal_PND0_na_2	3	tissue	Mus musculus	2	2_1	e673f5369aa424ae5d03eee429b3c9ee
ENCFF306MUR	mm10	ENCSR994IRA	microRNA-seq	/mouse-donors/ENCDO509HIY/	UBERON:0002369	adrenal gland	PNM_02	Female	A	2m	F	1	A_2m_F_1	adrenal	PNM02	adrenal_PNM02_f_1	4	tissue	Mus musculus	1	1_1	288972dfd40083a3a887d39579dfef0c
ENCFF152LBS	mm10	ENCSR994IRA	microRNA-seq	/mouse-donors/ENCDO509HIY/	UBERON:0002369	adrenal gland	PNM_02	Female	A	2m	F	2	A_2m_F_2	adrenal	PNM02	adrenal_PNM02_f_2	4	tissue	Mus musculus	2	2_1	b066b9841d356dd5aa8b8b95705af101
ENCFF767MFS	mm10	ENCSR444NXP	microRNA-seq	/mouse-donors/ENCDO509HIY/	UBERON:0002369	adrenal gland	PNM_02	Male	A	2m	M	1	A_2m_M_1	adrenal	PNM02	adrenal_PNM02_m_1	4	tissue	Mus musculus	1	1_1	4bc41b0e11e3f18a369f4f87328ba46a
ENCFF266FRO	mm10	ENCSR444NXP	microRNA-seq	/mouse-donors/ENCDO509HIY/	UBERON:0002369	adrenal gland	PNM_02	Male	A	2m	M	2	A_2m_M_2	adrenal	PNM02	adrenal_PNM02_m_2	4	tissue	Mus musculus	2	2_1	496b821c12c72e4d0ac93af2cca88a6d
ENCFF039BCQ	mm10	ENCSR820VUG	microRNA-seq	/mouse-donors/ENCDO996MUL/	UBERON:0002369	adrenal gland	PNM_08	Female	A	8m	F	1	A_8m_F_1	adrenal	PNM08	adrenal_PNM08_f_1	4	tissue	Mus musculus	1	1_1	c5215f873770d981633ad6b16f76005c
ENCFF228JEF	mm10	ENCSR820VUG	microRNA-seq	/mouse-donors/ENCDO996MUL/	UBERON:0002369	adrenal gland	PNM_08	Female	A	8m	F	2	A_8m_F_2	adrenal	PNM08	adrenal_PNM08_f_2	4	tissue	Mus musculus	2	2_1	9a2786cd42afcb25c24bb4e08008c0a4
ENCFF531YKI	mm10	ENCSR178KAF	microRNA-seq	/mouse-donors/ENCDO996MUL/	UBERON:0002369	adrenal gland	PNM_08	Male	A	8m	M	1	A_8m_M_1	adrenal	PNM08	adrenal_PNM08_m_1	4	tissue	Mus musculus	1	1_1	69cdc498e290a452042541e913f73b2c
ENCFF249ZZY	mm10	ENCSR482GEJ	microRNA-seq	/mouse-donors/ENCDO509HIY/	UBERON:0002369	adrenal gland	PNM_18-20	Female	A	18m	F	1	A_18m_F_1	adrenal	PNM18	adrenal_PNM18_f_1	4	tissue	Mus musculus	1	1_1	873cf2747e48284a11b7c8dd21d3e610
ENCFF973QIG	mm10	ENCSR482GEJ	microRNA-seq	/mouse-donors/ENCDO509HIY/	UBERON:0002369	adrenal gland	PNM_18-20	Female	A	18m	F	2	A_18m_F_2	adrenal	PNM18	adrenal_PNM18_f_2	4	tissue	Mus musculus	2	2_1	7d756cc0dc16d13e8c052d3d42e94fb6
ENCFF967MOF	mm10	ENCSR771FRL	microRNA-seq	/mouse-donors/ENCDO509HIY/	UBERON:0002369	adrenal gland	PNM_18-20	Male	A	18m	M	1	A_18m_M_1	adrenal	PNM18	adrenal_PNM18_m_1	4	tissue	Mus musculus	1	1_1	8802de74349bf547a32c538ae5339344
ENCFF888SOJ	mm10	ENCSR178KAF	microRNA-seq	/mouse-donors/ENCDO996MUL/	UBERON:0002369	adrenal gland	PNM_18-20	Male	A	18m	M	2	A_18m_M_2	adrenal	PNM18	adrenal_PNM18_m_2	4	tissue	Mus musculus	2	2_1	859ae29864af02122edaaf44b026a43b
ENCFF142RED	mm10	ENCSR424VMF	microRNA-seq	/mouse-donors/ENCDO509HIY/	UBERON:0002369	adrenal gland	PND_04	Female	A	4	F	1	A_4_F_1	adrenal	PND04	adrenal_PND04_f_1	4	tissue	Mus musculus	1	1_1	6d8f406a8cd8c12fc18b2ab8165bfb4d
ENCFF811IAD	mm10	ENCSR424VMF	microRNA-seq	/mouse-donors/ENCDO509HIY/	UBERON:0002369	adrenal gland	PND_04	Female	A	4	F	2	A_4_F_2	adrenal	PND04	adrenal_PND04_f_2	4	tissue	Mus musculus	2	2_1	978cac4fa8bdb58306953ef96c6850b0
ENCFF929RHS	mm10	ENCSR359KCJ	microRNA-seq	/mouse-donors/ENCDO509HIY/	UBERON:0002369	adrenal gland	PND_04	Male	A	4	M	1	A_4_M_1	adrenal	PND04	adrenal_PND04_m_1	4	tissue	Mus musculus	1	1_1	4a50ec0d79fd267128eeb458a9650dc3
ENCFF110XUF	mm10	ENCSR359KCJ	microRNA-seq	/mouse-donors/ENCDO509HIY/	UBERON:0002369	adrenal gland	PND_04	Male	A	4	M	2	A_4_M_2	adrenal	PND04	adrenal_PND04_m_2	4	tissue	Mus musculus	2	2_1	982d7c6e06655c9c55e5c63fa1e2aabf
ENCFF059GSF	mm10	ENCSR631RPT	microRNA-seq	/mouse-donors/ENCDO509HIY/	UBERON:0002369	adrenal gland	PND_10	Female	A	10	F	1	A_10_F_1	adrenal	PND10	adrenal_PND10_f_1	4	tissue	Mus musculus	1	1_1	0ba0dd6ebd64f46020b4ccdc7d99c163
ENCFF134FAB	mm10	ENCSR631RPT	microRNA-seq	/mouse-donors/ENCDO509HIY/	UBERON:0002369	adrenal gland	PND_10	Female	A	10	F	2	A_10_F_2	adrenal	PND10	adrenal_PND10_f_2	4	tissue	Mus musculus	2	2_1	5ba47243bd93b4c2089cd748c1131a9b
ENCFF974MRI	mm10	ENCSR680BZN	microRNA-seq	/mouse-donors/ENCDO509HIY/	UBERON:0002369	adrenal gland	PND_10	Male	A	10	M	1	A_10_M_1	adrenal	PND10	adrenal_PND10_m_1	4	tissue	Mus musculus	1	1_1	c451ad903e9fa9f63587cddec009f984
ENCFF237UPX	mm10	ENCSR680BZN	microRNA-seq	/mouse-donors/ENCDO509HIY/	UBERON:0002369	adrenal gland	PND_10	Male	A	10	M	2	A_10_M_2	adrenal	PND10	adrenal_PND10_m_2	4	tissue	Mus musculus	2	2_1	1912eb609310db73c37c5891fa82f8ee
ENCFF511AKM	mm10	ENCSR018FOQ	microRNA-seq	/mouse-donors/ENCDO509HIY/	UBERON:0002369	adrenal gland	PND_14	Female	A	14	F	1	A_14_F_1	adrenal	PND14	adrenal_PND14_f_1	4	tissue	Mus musculus	1	1_1	bc3d02a81711d63d65606110a514e851
ENCFF926KBO	mm10	ENCSR018FOQ	microRNA-seq	/mouse-donors/ENCDO509HIY/	UBERON:0002369	adrenal gland	PND_14	Female	A	14	F	2	A_14_F_2	adrenal	PND14	adrenal_PND14_f_2	4	tissue	Mus musculus	2	2_1	63044849857243d9a88bfb64b269a332
ENCFF643LVL	mm10	ENCSR138BVH	microRNA-seq	/mouse-donors/ENCDO509HIY/	UBERON:0002369	adrenal gland	PND_14	Male	A	14	M	1	A_14_M_1	adrenal	PND14	adrenal_PND14_m_1	4	tissue	Mus musculus	1	1_1	b78b9ee40aff1e497393f454a7972d66
ENCFF808RLU	mm10	ENCSR138BVH	microRNA-seq	/mouse-donors/ENCDO509HIY/	UBERON:0002369	adrenal gland	PND_14	Male	A	14	M	2	A_14_M_2	adrenal	PND14	adrenal_PND14_m_2	4	tissue	Mus musculus	2	2_1	26df7541b53e63ecf07c6aefcb127439
ENCFF457QCU	mm10	ENCSR375OPO	microRNA-seq	/mouse-donors/ENCDO509HIY/	UBERON:0002369	adrenal gland	PND_25	Female	A	25	F	1	A_25_F_1	adrenal	PND25	adrenal_PND25_f_1	4	tissue	Mus musculus	1	1_1	ddef01284cd4af2c2038056b4b074696
ENCFF436LHV	mm10	ENCSR375OPO	microRNA-seq	/mouse-donors/ENCDO509HIY/	UBERON:0002369	adrenal gland	PND_25	Female	A	25	F	2	A_25_F_2	adrenal	PND25	adrenal_PND25_f_2	4	tissue	Mus musculus	2	2_1	95b599bdb7b197432ba6287ec3084427
ENCFF856IAF	mm10	ENCSR049ABM	microRNA-seq	/mouse-donors/ENCDO509HIY/	UBERON:0002369	adrenal gland	PND_25	Male	A	25	M	1	A_25_M_1	adrenal	PND25	adrenal_PND25_m_1	4	tissue	Mus musculus	1	1_1	71a85804585228529e00f66064d4b4b4
ENCFF029ZBY	mm10	ENCSR049ABM	microRNA-seq	/mouse-donors/ENCDO509HIY/	UBERON:0002369	adrenal gland	PND_25	Male	A	25	M	2	A_25_M_2	adrenal	PND25	adrenal_PND25_m_2	4	tissue	Mus musculus	2	2_1	809c15c6dcedc22c5700ea16b38e6cac
ENCFF215LPC	mm10	ENCSR699RYY	microRNA-seq	/mouse-donors/ENCDO509HIY/	UBERON:0002369	adrenal gland	PND_36	Female	A	36	F	1	A_36_F_1	adrenal	PND36	adrenal_PND36_f_1	4	tissue	Mus musculus	1	1_1	7638adab5f95a1b7c4682807ceb1c6c0
ENCFF450IBH	mm10	ENCSR699RYY	microRNA-seq	/mouse-donors/ENCDO509HIY/	UBERON:0002369	adrenal gland	PND_36	Female	A	36	F	2	A_36_F_2	adrenal	PND36	adrenal_PND36_f_2	4	tissue	Mus musculus	2	2_1	dbe617514e3fdfb896624a8ef8a62feb
ENCFF888GMJ	mm10	ENCSR335XKT	microRNA-seq	/mouse-donors/ENCDO509HIY/	UBERON:0002369	adrenal gland	PND_36	Male	A	36	M	1	A_36_M_1	adrenal	PND36	adrenal_PND36_m_1	4	tissue	Mus musculus	1	1_1	8a41cc902d08843ad13418cf9c46e355
ENCFF242QRJ	mm10	ENCSR335XKT	microRNA-seq	/mouse-donors/ENCDO509HIY/	UBERON:0002369	adrenal gland	PND_36	Male	A	36	M	2	A_36_M_2	adrenal	PND36	adrenal_PND36_m_2	4	tissue	Mus musculus	2	2_1	1bc215da32e393328895710cdda3ead5
ENCFF207ZGQ	mm10	ENCSR407OAH	microRNA-seq	/mouse-donors/ENCDO072AAA/	UBERON:0002369	adrenal gland	PND_unknown	Female	A	unknown	F	1	A_unknown_F_1	adrenal	PND_unknown	adrenal_PND_unknown_f_1	4	tissue	Mus musculus	1	1_1	147149f75300515d12607d512ca68fbf
ENCFF656FTP	mm10	ENCSR407OAH	microRNA-seq	/mouse-donors/ENCDO072AAA/	UBERON:0002369	adrenal gland	PND_unknown	Female	A	unknown	F	2	A_unknown_F_2	adrenal	PND_unknown	adrenal_PND_unknown_f_2	4	tissue	Mus musculus	2	2_1	ae8beca5396b7743a8be75f9528ccb80
ENCFF913LZF	mm10	ENCSR014LFG	microRNA-seq	/mouse-donors/ENCDO072AAA/	UBERON:0002369	adrenal gland	PND_unknown	Male	A	unknown	M	1	A_unknown_M_1	adrenal	PND_unknown	adrenal_PND_unknown_m_1	4	tissue	Mus musculus	1	1_1	9c81d8605fee2c68bfcab83b35adb997
ENCFF029RTP	mm10	ENCSR014LFG	microRNA-seq	/mouse-donors/ENCDO072AAA/	UBERON:0002369	adrenal gland	PND_unknown	Male	A	unknown	M	2	A_unknown_M_2	adrenal	PND_unknown	adrenal_PND_unknown_m_2	4	tissue	Mus musculus	2	2_1	cf7756acd148580169d68b1c5dcf38cc
ENCFF784UWQ	mm10	ENCSR808LQW	microRNA-seq	/mouse-donors/ENCDO321TZV/	EFO:0001098	C2C12	NA	Female	MB	NA	F	1	MB_1	C2C12	NA	C2C12_NA_f_1	3	cell line	Mus musculus	1	1_1	5d85bdf0b479edf7f8852f52f7f565bb
ENCFF094EFP	mm10	ENCSR808LQW	microRNA-seq	/mouse-donors/ENCDO321TZV/	EFO:0001098	C2C12	NA	Female	MB	NA	F	2	MB_2	C2C12	NA	C2C12_NA_f_2	3	cell line	Mus musculus	2	2_1	8658bf293466645184527e25d5964a38
ENCFF836VQF	mm10	ENCSR549EOE	microRNA-seq	/mouse-donors/ENCDO956IXV/	UBERON:0012314	embryonic facial prominence	ED_10.5	NA	EF	10.5	NA	1	EF_10.5_NA_1	embryonic facial prominence	E10.5	embryonic facial prominence_E10.5_na_1	3	tissue	Mus musculus	1	1_1	335b5bd7466f284e1e21ab88e63c183b
ENCFF295QSZ	mm10	ENCSR549EOE	microRNA-seq	/mouse-donors/ENCDO956IXV/	UBERON:0012314	embryonic facial prominence	ED_10.5	NA	EF	10.5	NA	2	EF_10.5_NA_2	embryonic facial prominence	E10.5	embryonic facial prominence_E10.5_na_2	3	tissue	Mus musculus	2	2_1	b7236981534f9bff7a0fc076702d29e9
ENCFF978QHI	mm10	ENCSR091ZTZ	microRNA-seq	/mouse-donors/ENCDO956IXV/	UBERON:0012314	embryonic facial prominence	ED_11.5	NA	EF	11.5	NA	1	EF_11.5_NA_1	embryonic facial prominence	E11.5	embryonic facial prominence_E11.5_na_1	3	tissue	Mus musculus	1	1_1	cfa7d720cdc993361047c23de086e21c
ENCFF257IHA	mm10	ENCSR091ZTZ	microRNA-seq	/mouse-donors/ENCDO956IXV/	UBERON:0012314	embryonic facial prominence	ED_11.5	NA	EF	11.5	NA	2	EF_11.5_NA_2	embryonic facial prominence	E11.5	embryonic facial prominence_E11.5_na_2	3	tissue	Mus musculus	2	2_1	ff742f9ca03827d077fdf8be70ffd493
ENCFF320GLJ	mm10	ENCSR005FZJ	microRNA-seq	/mouse-donors/ENCDO956IXV/	UBERON:0012314	embryonic facial prominence	ED_12.5	NA	EF	12.5	NA	1	EF_12.5_NA_1	embryonic facial prominence	E12.5	embryonic facial prominence_E12.5_na_1	3	tissue	Mus musculus	1	1_1	403d95b5b666e24183271fcb8bcdf2ab
ENCFF142WIR	mm10	ENCSR005FZJ	microRNA-seq	/mouse-donors/ENCDO956IXV/	UBERON:0012314	embryonic facial prominence	ED_12.5	NA	EF	12.5	NA	2	EF_12.5_NA_2	embryonic facial prominence	E12.5	embryonic facial prominence_E12.5_na_2	3	tissue	Mus musculus	2	2_1	9921690b352b8ce0a8357c29d6fd742a
ENCFF319SSO	mm10	ENCSR568TUO	microRNA-seq	/mouse-donors/ENCDO956IXV/	UBERON:0012314	embryonic facial prominence	ED_13.5	NA	EF	13.5	NA	1	EF_13.5_NA_1	embryonic facial prominence	E13.5	embryonic facial prominence_E13.5_na_1	3	tissue	Mus musculus	1	1_1	3c81b86a92d9b6b286935992f6464661
ENCFF478CLD	mm10	ENCSR568TUO	microRNA-seq	/mouse-donors/ENCDO956IXV/	UBERON:0012314	embryonic facial prominence	ED_13.5	NA	EF	13.5	NA	2	EF_13.5_NA_2	embryonic facial prominence	E13.5	embryonic facial prominence_E13.5_na_2	3	tissue	Mus musculus	2	2_1	4aebf2673ec84a4d77d2034940801c1d
ENCFF393URO	mm10	ENCSR199LBO	microRNA-seq	/mouse-donors/ENCDO956IXV/	UBERON:0012314	embryonic facial prominence	ED_14.5	NA	EF	14.5	NA	1	EF_14.5_NA_1	embryonic facial prominence	E14.5	embryonic facial prominence_E14.5_na_1	3	tissue	Mus musculus	1	1_1	7ed3ba9632ab5833f573b3c338175872
ENCFF398RVW	mm10	ENCSR199LBO	microRNA-seq	/mouse-donors/ENCDO956IXV/	UBERON:0012314	embryonic facial prominence	ED_14.5	NA	EF	14.5	NA	2	EF_14.5_NA_2	embryonic facial prominence	E14.5	embryonic facial prominence_E14.5_na_2	3	tissue	Mus musculus	2	2_1	6ffe8c50a095167f311da38eca839f1b
ENCFF463HMC	mm10	ENCSR461SRF	microRNA-seq	/mouse-donors/ENCDO956IXV/	UBERON:0012314	embryonic facial prominence	ED_15.5	NA	EF	15.5	NA	1	EF_15.5_NA_1	embryonic facial prominence	E15.5	embryonic facial prominence_E15.5_na_1	3	tissue	Mus musculus	1	1_1	ceb65987753a2c87f5dc09e9871571a8
ENCFF539TPM	mm10	ENCSR461SRF	microRNA-seq	/mouse-donors/ENCDO956IXV/	UBERON:0012314	embryonic facial prominence	ED_15.5	NA	EF	15.5	NA	2	EF_15.5_NA_2	embryonic facial prominence	E15.5	embryonic facial prominence_E15.5_na_2	3	tissue	Mus musculus	2	2_1	705bc97f1aa7f22bec7616466a661689
ENCFF988KBQ	mm10	ENCSR012KGU	microRNA-seq	/mouse-donors/ENCDO817NHY/	EFO:0010807	F121-9	NA	Female	ES	NA	F	1	ES_F_1	F121-9	NA	F121-9_NA_f_1	3	cell line	Mus musculus	1	1_1	d32312752624ed203da903dac72cca9a
ENCFF748USJ	mm10	ENCSR509NLH	microRNA-seq	/mouse-donors/ENCDO956IXV/	UBERON:0001890	forebrain	ED_10.5	NA	FB	10.5	NA	1	FB_10.5_NA_1	cortex	E10.5	cortex_E10.5_na_1	3	tissue	Mus musculus	1	1_1	15c52f567a8b02dc759e049b3131b09a
ENCFF197GWI	mm10	ENCSR509NLH	microRNA-seq	/mouse-donors/ENCDO956IXV/	UBERON:0001890	forebrain	ED_10.5	NA	FB	10.5	NA	2	FB_10.5_NA_2	cortex	E10.5	cortex_E10.5_na_2	3	tissue	Mus musculus	2	2_1	55b386cfb11fe30359d840f677c4490c
ENCFF604WJE	mm10	ENCSR240IDR	microRNA-seq	/mouse-donors/ENCDO956IXV/	UBERON:0001890	forebrain	ED_11.5	NA	FB	11.5	NA	1	FB_11.5_NA_1	cortex	E11.5	cortex_E11.5_na_1	3	tissue	Mus musculus	1	1_1	312382e66beec2e0dc78c51bcffbd70f
ENCFF964YRP	mm10	ENCSR240IDR	microRNA-seq	/mouse-donors/ENCDO956IXV/	UBERON:0001890	forebrain	ED_11.5	NA	FB	11.5	NA	2	FB_11.5_NA_2	cortex	E11.5	cortex_E11.5_na_2	3	tissue	Mus musculus	2	2_1	a23aa64057074b8dd398bc88932fcda7
ENCFF684TIT	mm10	ENCSR715QTV	microRNA-seq	/mouse-donors/ENCDO956IXV/	UBERON:0001890	forebrain	ED_12.5	NA	FB	12.5	NA	1	FB_12.5_NA_1	cortex	E12.5	cortex_E12.5_na_1	3	tissue	Mus musculus	1	1_1	cc6cfe0c3bc13c18e4f13e91e9e645ba
ENCFF669DUQ	mm10	ENCSR715QTV	microRNA-seq	/mouse-donors/ENCDO956IXV/	UBERON:0001890	forebrain	ED_12.5	NA	FB	12.5	NA	2	FB_12.5_NA_2	cortex	E12.5	cortex_E12.5_na_2	3	tissue	Mus musculus	2	2_1	8d88bf658addcd89e4b896e7d8caa13c
ENCFF933GBV	mm10	ENCSR638RNH	microRNA-seq	/mouse-donors/ENCDO956IXV/	UBERON:0001890	forebrain	ED_13.5	NA	FB	13.5	NA	1	FB_13.5_NA_1	cortex	E13.5	cortex_E13.5_na_1	3	tissue	Mus musculus	1	1_1	68c4f11f345ced502dea39af1fc731ff
ENCFF504SAL	mm10	ENCSR638RNH	microRNA-seq	/mouse-donors/ENCDO956IXV/	UBERON:0001890	forebrain	ED_13.5	NA	FB	13.5	NA	2	FB_13.5_NA_2	cortex	E13.5	cortex_E13.5_na_2	3	tissue	Mus musculus	2	2_1	f168fa172f0cf9411203bb19df779018
ENCFF286FZL	mm10	ENCSR665JCF	microRNA-seq	/mouse-donors/ENCDO956IXV/	UBERON:0001890	forebrain	ED_14.5	NA	FB	14.5	NA	1	FB_14.5_NA_1	cortex	E14.5	cortex_E14.5_na_1	3	tissue	Mus musculus	1	1_1	c87669e701beeb70c45e2643893c8ce1
ENCFF783MUN	mm10	ENCSR665JCF	microRNA-seq	/mouse-donors/ENCDO956IXV/	UBERON:0001890	forebrain	ED_14.5	NA	FB	14.5	NA	2	FB_14.5_NA_2	cortex	E14.5	cortex_E14.5_na_2	3	tissue	Mus musculus	2	2_1	db20ab7b0e53d41434dea6f49e7f0631
ENCFF926HAD	mm10	ENCSR758VDY	microRNA-seq	/mouse-donors/ENCDO956IXV/	UBERON:0001890	forebrain	ED_15.5	NA	FB	15.5	NA	1	FB_15.5_NA_1	cortex	E15.5	cortex_E15.5_na_1	3	tissue	Mus musculus	1	1_1	62621f2156daf9ac99f3c99e7b414ab6
ENCFF031VWM	mm10	ENCSR758VDY	microRNA-seq	/mouse-donors/ENCDO956IXV/	UBERON:0001890	forebrain	ED_15.5	NA	FB	15.5	NA	2	FB_15.5_NA_2	cortex	E15.5	cortex_E15.5_na_2	3	tissue	Mus musculus	2	2_1	e4e813bb5926a7385e4629514bf1d32f
ENCFF251YKH	mm10	ENCSR552WPH	microRNA-seq	/mouse-donors/ENCDO956IXV/	UBERON:0001890	forebrain	ED_16.5	NA	FB	16.5	NA	1	FB_16.5_NA_1	cortex	E16.5	cortex_E16.5_na_1	3	tissue	Mus musculus	1	1_1	5fb82e82d355ff301a71af218dff019f
ENCFF039USY	mm10	ENCSR552WPH	microRNA-seq	/mouse-donors/ENCDO956IXV/	UBERON:0001890	forebrain	ED_16.5	NA	FB	16.5	NA	2	FB_16.5_NA_2	cortex	E16.5	cortex_E16.5_na_2	3	tissue	Mus musculus	2	2_1	844af3df1bfe0059f2d487cc1f7a67ec
ENCFF023WPV	mm10	ENCSR267CQC	microRNA-seq	/mouse-donors/ENCDO956IXV/	UBERON:0001890	forebrain	PND_0	NA	FB	0	NA	1	FB_0_NA_1	cortex	PND0	cortex_PND0_na_1	3	tissue	Mus musculus	1	1_1	b3f6d15c893bff1c8df19076d8089112
ENCFF568ERL	mm10	ENCSR683JZO	microRNA-seq	/mouse-donors/ENCDO956IXV/	UBERON:0001890	forebrain	PND_0	NA	FB	0	NA_old	1	FB_0_NA_old_1	cortex	PND0	cortex_PND0_na_1	3	tissue	Mus musculus	1	1_1	c9ed7e934ab2abd1ed41750c92b95abd
ENCFF295AZT	mm10	ENCSR267CQC	microRNA-seq	/mouse-donors/ENCDO956IXV/	UBERON:0001890	forebrain	PND_0	NA	FB	0	NA	2	FB_0_NA_2	cortex	PND0	cortex_PND0_na_2	3	tissue	Mus musculus	2	2_1	2de44bc5f7078b47f4a10cdb46e380da
ENCFF820PFM	mm10	ENCSR683JZO	microRNA-seq	/mouse-donors/ENCDO956IXV/	UBERON:0001890	forebrain	PND_0	NA	FB	0	NA_old	2	FB_0_NA_old_2	cortex	PND0	cortex_PND0_na_2	3	tissue	Mus musculus	2	2_1	07ab03aadadca0647f3c3a4f4af7168b
ENCFF810XKL	mm10	ENCSR026XXQ	microRNA-seq	/mouse-donors/ENCDO509HIY/	UBERON:0001388	gastrocnemius	PND_04	Female	G	4	F	1	G_4_F_1	gastroc	PND04	gastroc_PND04_f_1	4	tissue	Mus musculus	1	1_1	6c91e4ab8a343d3408d2c06cd5adbe97
ENCFF641TJV	mm10	ENCSR026XXQ	microRNA-seq	/mouse-donors/ENCDO509HIY/	UBERON:0001388	gastrocnemius	PND_04	Female	G	4	F	2	G_4_F_2	gastroc	PND04	gastroc_PND04_f_2	4	tissue	Mus musculus	2	2_1	1ccda2584ec741aa49e8bddf4844fddd
ENCFF859KXI	mm10	ENCSR815DQP	microRNA-seq	/mouse-donors/ENCDO509HIY/	UBERON:0001388	gastrocnemius	PND_04	Male	G	4	M	1	G_4_M_1	gastroc	PND04	gastroc_PND04_m_1	4	tissue	Mus musculus	1	1_1	bd4adca69afbee5df6e2d30c5bcc0c55
ENCFF286MEN	mm10	ENCSR815DQP	microRNA-seq	/mouse-donors/ENCDO509HIY/	UBERON:0001388	gastrocnemius	PND_04	Male	G	4	M	2	G_4_M_2	gastroc	PND04	gastroc_PND04_m_2	4	tissue	Mus musculus	2	2_1	c673a56f79ffcc5b1a1d5c06a7d99d60
ENCFF256FTO	mm10	ENCSR037MYU	microRNA-seq	/mouse-donors/ENCDO509HIY/	UBERON:0001388	gastrocnemius	PND_10	Female	G	10	F	1	G_10_F_1	gastroc	PND10	gastroc_PND10_f_1	4	tissue	Mus musculus	1	1_1	08d9246f6f1b60e4294a8ec1325e22c4
ENCFF841RXZ	mm10	ENCSR037MYU	microRNA-seq	/mouse-donors/ENCDO509HIY/	UBERON:0001388	gastrocnemius	PND_10	Female	G	10	F	2	G_10_F_2	gastroc	PND10	gastroc_PND10_f_2	4	tissue	Mus musculus	2	2_1	383909da57268107413da4b1b5fa3552
ENCFF782ZKC	mm10	ENCSR515OMM	microRNA-seq	/mouse-donors/ENCDO509HIY/	UBERON:0001388	gastrocnemius	PND_10	Male	G	10	M	1	G_10_M_1	gastroc	PND10	gastroc_PND10_m_1	4	tissue	Mus musculus	1	1_1	f1e084ff398faba54fd815387e94d32e
ENCFF224PRR	mm10	ENCSR515OMM	microRNA-seq	/mouse-donors/ENCDO509HIY/	UBERON:0001388	gastrocnemius	PND_10	Male	G	10	M	2	G_10_M_2	gastroc	PND10	gastroc_PND10_m_2	4	tissue	Mus musculus	2	2_1	7614971daeeaebf9484e1310a5599bc7
ENCFF644DNJ	mm10	ENCSR501DNZ	microRNA-seq	/mouse-donors/ENCDO509HIY/	UBERON:0001388	gastrocnemius	PND_14	Female	G	14	F	1	G_14_F_1	gastroc	PND14	gastroc_PND14_f_1	4	tissue	Mus musculus	1	1_1	4b311488b1d0c1438976ddc912d51e56
ENCFF912ODK	mm10	ENCSR501DNZ	microRNA-seq	/mouse-donors/ENCDO509HIY/	UBERON:0001388	gastrocnemius	PND_14	Female	G	14	F	2	G_14_F_2	gastroc	PND14	gastroc_PND14_f_2	4	tissue	Mus musculus	2	2_1	904610a175d097a7455c0f5a07066014
ENCFF775ESU	mm10	ENCSR504LWH	microRNA-seq	/mouse-donors/ENCDO509HIY/	UBERON:0001388	gastrocnemius	PND_14	Male	G	14	M	1	G_14_M_1	gastroc	PND14	gastroc_PND14_m_1	4	tissue	Mus musculus	1	1_1	34981b30011819dbc4c69e466a65ad70
ENCFF251GDX	mm10	ENCSR504LWH	microRNA-seq	/mouse-donors/ENCDO509HIY/	UBERON:0001388	gastrocnemius	PND_14	Male	G	14	M	2	G_14_M_2	gastroc	PND14	gastroc_PND14_m_2	4	tissue	Mus musculus	2	2_1	040789ea4b7aa952c9e73755a9bab647
ENCFF243ZES	mm10	ENCSR143LTW	microRNA-seq	/mouse-donors/ENCDO509HIY/	UBERON:0001388	gastrocnemius	PND_25	Female	G	25	F	1	G_25_F_1	gastroc	PND25	gastroc_PND25_f_1	4	tissue	Mus musculus	1	1_1	a6cd77a5033aab92971e5bc8fb13f732
ENCFF953WQJ	mm10	ENCSR143LTW	microRNA-seq	/mouse-donors/ENCDO509HIY/	UBERON:0001388	gastrocnemius	PND_25	Female	G	25	F	2	G_25_F_2	gastroc	PND25	gastroc_PND25_f_2	4	tissue	Mus musculus	2	2_1	02f689d39f0312b420124f0ca2f38dca
ENCFF744KFE	mm10	ENCSR658KLA	microRNA-seq	/mouse-donors/ENCDO509HIY/	UBERON:0001388	gastrocnemius	PND_25	Male	G	25	M	1	G_25_M_1	gastroc	PND25	gastroc_PND25_m_1	4	tissue	Mus musculus	1	1_1	880a12e546efd297e3e31f57caadfb64
ENCFF383BPF	mm10	ENCSR658KLA	microRNA-seq	/mouse-donors/ENCDO509HIY/	UBERON:0001388	gastrocnemius	PND_25	Male	G	25	M	2	G_25_M_2	gastroc	PND25	gastroc_PND25_m_2	4	tissue	Mus musculus	2	2_1	9876ae34b3709576a53c15e74ca25636
ENCFF770MFM	mm10	ENCSR024WYL	microRNA-seq	/mouse-donors/ENCDO509HIY/	UBERON:0001388	gastrocnemius	PND_36	Female	G	36	F	1	G_36_F_1	gastroc	PND36	gastroc_PND36_f_1	4	tissue	Mus musculus	1	1_1	468478bb47670c7b4e0944a89069ce0e
ENCFF887WXS	mm10	ENCSR024WYL	microRNA-seq	/mouse-donors/ENCDO509HIY/	UBERON:0001388	gastrocnemius	PND_36	Female	G	36	F	2	G_36_F_2	gastroc	PND36	gastroc_PND36_f_2	4	tissue	Mus musculus	2	2_1	90d8f0d9cbc9a68ba92c1dc2fc22680a
ENCFF884HHP	mm10	ENCSR590FZA	microRNA-seq	/mouse-donors/ENCDO509HIY/	UBERON:0001388	gastrocnemius	PND_36	Male	G	36	M	1	G_36_M_1	gastroc	PND36	gastroc_PND36_m_1	4	tissue	Mus musculus	1	1_1	2f653cc8dc375d134265af8f093c23df
ENCFF615NFM	mm10	ENCSR590FZA	microRNA-seq	/mouse-donors/ENCDO509HIY/	UBERON:0001388	gastrocnemius	PND_36	Male	G	36	M	2	G_36_M_2	gastroc	PND36	gastroc_PND36_m_2	4	tissue	Mus musculus	2	2_1	bc9217c117f3e1d064f2f093f8f8033d
ENCFF169NNY	mm10	ENCSR781NKQ	microRNA-seq	/mouse-donors/ENCDO509HIY/	UBERON:0001388	gastrocnemius	PNM_02	Female	G	2m	F	1	G_2m_F_1	gastroc	PNM02	gastroc_PNM02_f_1	4	tissue	Mus musculus	1	1_1	3de3898a66a8d72de0d822ba57240021
ENCFF119RKV	mm10	ENCSR781NKQ	microRNA-seq	/mouse-donors/ENCDO509HIY/	UBERON:0001388	gastrocnemius	PNM_02	Female	G	2m	F	2	G_2m_F_2	gastroc	PNM02	gastroc_PNM02_f_2	4	tissue	Mus musculus	2	2_1	41831c9fe5d24b14ff40fbe73f85ab61
ENCFF176PMM	mm10	ENCSR549CLV	microRNA-seq	/mouse-donors/ENCDO509HIY/	UBERON:0001388	gastrocnemius	PNM_02	Male	G	2m	M	1	G_2m_M_1	gastroc	PNM02	gastroc_PNM02_m_1	4	tissue	Mus musculus	1	1_1	ab1149c3a8d796d1c4ae2cd52c40b748
ENCFF928VJI	mm10	ENCSR549CLV	microRNA-seq	/mouse-donors/ENCDO509HIY/	UBERON:0001388	gastrocnemius	PNM_02	Male	G	2m	M	2	G_2m_M_2	gastroc	PNM02	gastroc_PNM02_m_2	4	tissue	Mus musculus	2	2_1	7c1e1eade23143f1dd8d6beae2dcae0a
ENCFF922MWE	mm10	ENCSR968IVY	microRNA-seq	/mouse-donors/ENCDO996MUL/	UBERON:0001388	gastrocnemius	PNM_08	Female	G	8m	F	1	G_8m_F_1	gastroc	PNM08	gastroc_PNM08_f_1	4	tissue	Mus musculus	1	1_1	f30b6423449dea110633d9902243eb26
ENCFF453JOL	mm10	ENCSR418QXY	microRNA-seq	/mouse-donors/ENCDO996MUL/	UBERON:0001388	gastrocnemius	PNM_08	Male	G	8m	M	1	G_8m_M_1	gastroc	PNM08	gastroc_PNM08_m_1	4	tissue	Mus musculus	1	1_1	82297ec9bd05d22b0681579440208190
ENCFF790YAN	mm10	ENCSR418QXY	microRNA-seq	/mouse-donors/ENCDO996MUL/	UBERON:0001388	gastrocnemius	PNM_08	Male	G	8m	M	2	G_8m_M_2	gastroc	PNM08	gastroc_PNM08_m_2	4	tissue	Mus musculus	2	2_1	eaf297c30b09c0c26bd172abed83169d
ENCFF242SMA	mm10	ENCSR656EWH	microRNA-seq	/mouse-donors/ENCDO509HIY/	UBERON:0001388	gastrocnemius	PNM_18-20	Female	G	18m	F	1	G_18m_F_1	gastroc	PNM18	gastroc_PNM18_f_1	4	tissue	Mus musculus	1	1_1	f06a76477dedf11aa57a4d931637f5d8
ENCFF339DQJ	mm10	ENCSR656EWH	microRNA-seq	/mouse-donors/ENCDO509HIY/	UBERON:0001388	gastrocnemius	PNM_18-20	Female	G	18m	F	2	G_18m_F_2	gastroc	PNM18	gastroc_PNM18_f_2	4	tissue	Mus musculus	2	2_1	9e4aec87b83ab1e35f74dba8b688a159
ENCFF565ZRA	mm10	ENCSR230TOQ	microRNA-seq	/mouse-donors/ENCDO509HIY/	UBERON:0001388	gastrocnemius	PNM_18-20	Male	G	18m	M	1	G_18m_M_1	gastroc	PNM18	gastroc_PNM18_m_1	4	tissue	Mus musculus	1	1_1	d9e221e3110d6e74ebe2f9f6bbeff7dc
ENCFF119JIF	mm10	ENCSR230TOQ	microRNA-seq	/mouse-donors/ENCDO509HIY/	UBERON:0001388	gastrocnemius	PNM_18-20	Male	G	18m	M	2	G_18m_M_2	gastroc	PNM18	gastroc_PNM18_m_2	4	tissue	Mus musculus	2	2_1	bc2bc435beb510c216df5dae250d83f9
ENCFF481TQH	mm10	ENCSR912ATB	microRNA-seq	/mouse-donors/ENCDO956IXV/	UBERON:0000948	heart	ED_10.5	NA	H	10.5	NA	1	H_10.5_NA_1	heart	E10.5	heart_E10.5_na_1	3	tissue	Mus musculus	1	1_1	3fdcb5d90cebd07c2f6b508841c7432f
ENCFF735NJT	mm10	ENCSR912ATB	microRNA-seq	/mouse-donors/ENCDO956IXV/	UBERON:0000948	heart	ED_10.5	NA	H	10.5	NA	2	H_10.5_NA_2	heart	E10.5	heart_E10.5_na_2	3	tissue	Mus musculus	2	2_1	230dfce0e6364e3cac76f00b062e3543
ENCFF323GKF	mm10	ENCSR829OXY	microRNA-seq	/mouse-donors/ENCDO956IXV/	UBERON:0000948	heart	ED_11.5	NA	H	11.5	NA	1	H_11.5_NA_1	heart	E11.5	heart_E11.5_na_1	3	tissue	Mus musculus	1	1_1	9a4bf1e9091eeb77ff8d537263ee52b4
ENCFF063JFV	mm10	ENCSR829OXY	microRNA-seq	/mouse-donors/ENCDO956IXV/	UBERON:0000948	heart	ED_11.5	NA	H	11.5	NA	2	H_11.5_NA_2	heart	E11.5	heart_E11.5_na_2	3	tissue	Mus musculus	2	2_1	e32fe2d332304ddcfa2063f7dac5abba
ENCFF058YTM	mm10	ENCSR832SAG	microRNA-seq	/mouse-donors/ENCDO956IXV/	UBERON:0000948	heart	ED_12.5	NA	H	12.5	NA	1	H_12.5_NA_1	heart	E12.5	heart_E12.5_na_1	3	tissue	Mus musculus	1	1_1	7af1ce0535dd95b2b669f8afb09a003b
ENCFF009WZX	mm10	ENCSR832SAG	microRNA-seq	/mouse-donors/ENCDO956IXV/	UBERON:0000948	heart	ED_12.5	NA	H	12.5	NA	2	H_12.5_NA_2	heart	E12.5	heart_E12.5_na_2	3	tissue	Mus musculus	2	2_1	37c9f391c873d9441de3274e15a27c52
ENCFF422NSF	mm10	ENCSR329THX	microRNA-seq	/mouse-donors/ENCDO956IXV/	UBERON:0000948	heart	ED_13.5	NA	H	13.5	NA	1	H_13.5_NA_1	heart	E13.5	heart_E13.5_na_1	3	tissue	Mus musculus	1	1_1	d805f2de30824ce88d3d6d688ed3b4ed
ENCFF904AVG	mm10	ENCSR329THX	microRNA-seq	/mouse-donors/ENCDO956IXV/	UBERON:0000948	heart	ED_13.5	NA	H	13.5	NA	2	H_13.5_NA_2	heart	E13.5	heart_E13.5_na_2	3	tissue	Mus musculus	2	2_1	98ca69ccae87587ddf82e1a803ff8130
ENCFF999ECA	mm10	ENCSR609EDL	microRNA-seq	/mouse-donors/ENCDO956IXV/	UBERON:0000948	heart	ED_14.5	NA	H	14.5	NA	1	H_14.5_NA_1	heart	E14.5	heart_E14.5_na_1	3	tissue	Mus musculus	1	1_1	580d231b93a124099e6030c264226668
ENCFF817GQQ	mm10	ENCSR609EDL	microRNA-seq	/mouse-donors/ENCDO956IXV/	UBERON:0000948	heart	ED_14.5	NA	H	14.5	NA	2	H_14.5_NA_2	heart	E14.5	heart_E14.5_na_2	3	tissue	Mus musculus	2	2_1	0d996906128b98e3ba491ce5e68863ea
ENCFF223YGK	mm10	ENCSR782NFL	microRNA-seq	/mouse-donors/ENCDO956IXV/	UBERON:0000948	heart	ED_15.5	NA	H	15.5	NA	1	H_15.5_NA_1	heart	E15.5	heart_E15.5_na_1	3	tissue	Mus musculus	1	1_1	3e926bdd34b27730b6f6355697b1afe0
ENCFF259RDX	mm10	ENCSR782NFL	microRNA-seq	/mouse-donors/ENCDO956IXV/	UBERON:0000948	heart	ED_15.5	NA	H	15.5	NA	2	H_15.5_NA_2	heart	E15.5	heart_E15.5_na_2	3	tissue	Mus musculus	2	2_1	9649f8b6c233e7a083176cd7c3f8ce11
ENCFF674TFG	mm10	ENCSR481QIP	microRNA-seq	/mouse-donors/ENCDO956IXV/	UBERON:0000948	heart	ED_16.5	NA	H	16.5	NA	1	H_16.5_NA_1	heart	E16.5	heart_E16.5_na_1	3	tissue	Mus musculus	1	1_1	05ef7b5b7c7302d0894b6047b9cfb2ab
ENCFF339RRY	mm10	ENCSR481QIP	microRNA-seq	/mouse-donors/ENCDO956IXV/	UBERON:0000948	heart	ED_16.5	NA	H	16.5	NA	2	H_16.5_NA_2	heart	E16.5	heart_E16.5_na_2	3	tissue	Mus musculus	2	2_1	c9fdba24686127398c0d3ac15c34c971
ENCFF187YQL	mm10	ENCSR246CIO	microRNA-seq	/mouse-donors/ENCDO956IXV/	UBERON:0000948	heart	PND_0	NA	H	0	NA	1	H_0_NA_1	heart	PND0	heart_PND0_na_1	3	tissue	Mus musculus	1	1_1	39aeb97d397eb6d9115974e75cf04e9a
ENCFF221WHH	mm10	ENCSR834DKI	microRNA-seq	/mouse-donors/ENCDO956IXV/	UBERON:0000948	heart	PND_0	NA_old	H	0	NA	1	H_0_NA_old_1	heart	PND0	heart_PND0_na_1	4	tissue	Mus musculus	1	1_1	ff5ccb9e3451205cdf2a0970c232f662
ENCFF156QLR	mm10	ENCSR246CIO	microRNA-seq	/mouse-donors/ENCDO956IXV/	UBERON:0000948	heart	PND_0	NA	H	0	NA	2	H_0_NA_2	heart	PND0	heart_PND0_na_2	3	tissue	Mus musculus	2	2_1	e96239172648e35d0e14fe07cdac7a46
ENCFF437DLZ	mm10	ENCSR834DKI	microRNA-seq	/mouse-donors/ENCDO956IXV/	UBERON:0000948	heart	PND_0	NA_old	H	0	NA	2	H_0_NA_old_2	heart	PND0	heart_PND0_na_2	4	tissue	Mus musculus	2	2_1	8d6bb60c6efc65d53e1364f718ce7f91
ENCFF022MYR	mm10	ENCSR252LYK	microRNA-seq	/mouse-donors/ENCDO509HIY/	UBERON:0000948	heart	PND_04	Female	H	4	F	1	H_4_F_1	heart	PND04	heart_PND04_f_1	4	tissue	Mus musculus	1	1_1	d448fa4411bcdf5e7fe431a9a3e631fd
ENCFF454KLV	mm10	ENCSR252LYK	microRNA-seq	/mouse-donors/ENCDO509HIY/	UBERON:0000948	heart	PND_04	Female	H	4	F	2	H_4_F_2	heart	PND04	heart_PND04_f_2	4	tissue	Mus musculus	2	2_1	6626544ae36ad8a406598929298c5dde
ENCFF885TVP	mm10	ENCSR289DPI	microRNA-seq	/mouse-donors/ENCDO509HIY/	UBERON:0000948	heart	PND_04	Male	H	4	M	1	H_4_M_1	heart	PND04	heart_PND04_m_1	4	tissue	Mus musculus	1	1_1	0bdaaeec950009b917f0b8745efd153b
ENCFF232JIF	mm10	ENCSR289DPI	microRNA-seq	/mouse-donors/ENCDO509HIY/	UBERON:0000948	heart	PND_04	Male	H	4	M	2	H_4_M_2	heart	PND04	heart_PND04_m_2	4	tissue	Mus musculus	2	2_1	961ea33cc30f1da240cf5997d68db97c
ENCFF550KXT	mm10	ENCSR911AIY	microRNA-seq	/mouse-donors/ENCDO509HIY/	UBERON:0000948	heart	PND_10	Female	H	10	F	1	H_10_F_1	heart	PND10	heart_PND10_f_1	4	tissue	Mus musculus	1	1_1	fd6d4755feca0bf94fc43cdd36a6f4a7
ENCFF952JQC	mm10	ENCSR911AIY	microRNA-seq	/mouse-donors/ENCDO509HIY/	UBERON:0000948	heart	PND_10	Female	H	10	F	2	H_10_F_2	heart	PND10	heart_PND10_f_2	4	tissue	Mus musculus	2	2_1	c9388933ebf06c68b79e14932c9017f6
ENCFF005XKG	mm10	ENCSR998JES	microRNA-seq	/mouse-donors/ENCDO509HIY/	UBERON:0000948	heart	PND_10	Male	H	10	M	1	H_10_M_1	heart	PND10	heart_PND10_m_1	4	tissue	Mus musculus	1	1_1	053d26ec65bdc104ef0f78fca8280f9e
ENCFF567HNX	mm10	ENCSR998JES	microRNA-seq	/mouse-donors/ENCDO509HIY/	UBERON:0000948	heart	PND_10	Male	H	10	M	2	H_10_M_2	heart	PND10	heart_PND10_m_2	4	tissue	Mus musculus	2	2_1	dad581662fb54ea6f5d1a300ef6b703c
ENCFF868MXQ	mm10	ENCSR858AUW	microRNA-seq	/mouse-donors/ENCDO509HIY/	UBERON:0000948	heart	PND_14	Female	H	14	F	1	H_14_F_1	heart	PND14	heart_PND14_f_1	4	tissue	Mus musculus	1	1_1	8757994246ec1ed4dd96924c5adbae76
ENCFF746HZZ	mm10	ENCSR858AUW	microRNA-seq	/mouse-donors/ENCDO509HIY/	UBERON:0000948	heart	PND_14	Female	H	14	F	2	H_14_F_2	heart	PND14	heart_PND14_f_2	4	tissue	Mus musculus	2	2_1	2d68e72e23f05f63b07b101f67fb05c1
ENCFF512CNX	mm10	ENCSR576VFQ	microRNA-seq	/mouse-donors/ENCDO509HIY/	UBERON:0000948	heart	PND_14	Male	H	14	M	2	H_14_M_2	heart	PND14	heart_PND14_m_2	4	tissue	Mus musculus	2	2_1	1dbefd7ef0422cfaeedbbcfc11983f5b
ENCFF333SIZ	mm10	ENCSR846QZK	microRNA-seq	/mouse-donors/ENCDO509HIY/	UBERON:0000948	heart	PND_25	Female	H	25	F	1	H_25_F_1	heart	PND25	heart_PND25_f_1	4	tissue	Mus musculus	1	1_1	da86fba41a7d6a902e78a2587f93d6d9
ENCFF855MRC	mm10	ENCSR846QZK	microRNA-seq	/mouse-donors/ENCDO509HIY/	UBERON:0000948	heart	PND_25	Female	H	25	F	2	H_25_F_2	heart	PND25	heart_PND25_f_2	4	tissue	Mus musculus	2	2_1	905b4fff5ca1a377a930c368b48620b7
ENCFF641MAC	mm10	ENCSR673ZSX	microRNA-seq	/mouse-donors/ENCDO509HIY/	UBERON:0000948	heart	PND_25	Male	H	25	M	1	H_25_M_1	heart	PND25	heart_PND25_m_1	4	tissue	Mus musculus	1	1_1	f9ecda4e90efa740515ee91d1a831649
ENCFF679RCR	mm10	ENCSR673ZSX	microRNA-seq	/mouse-donors/ENCDO509HIY/	UBERON:0000948	heart	PND_25	Male	H	25	M	2	H_25_M_2	heart	PND25	heart_PND25_m_2	4	tissue	Mus musculus	2	2_1	261be4ba99e25198a068de3f2525bffa
ENCFF553QVK	mm10	ENCSR173OTH	microRNA-seq	/mouse-donors/ENCDO509HIY/	UBERON:0000948	heart	PND_36	Female	H	36	F	1	H_36_F_1	heart	PND36	heart_PND36_f_1	4	tissue	Mus musculus	1	1_1	86916dee9174423dd6f24b5e38139344
ENCFF655WLE	mm10	ENCSR173OTH	microRNA-seq	/mouse-donors/ENCDO509HIY/	UBERON:0000948	heart	PND_36	Female	H	36	F	2	H_36_F_2	heart	PND36	heart_PND36_f_2	4	tissue	Mus musculus	2	2_1	52c1ceddd6ff0ba163ce454a27b08f4f
ENCFF533UTF	mm10	ENCSR840QPN	microRNA-seq	/mouse-donors/ENCDO509HIY/	UBERON:0000948	heart	PND_36	Male	H	36	M	1	H_36_M_1	heart	PND36	heart_PND36_m_1	4	tissue	Mus musculus	1	1_1	ecc39064d5a19ec292a610da521a061e
ENCFF855UUL	mm10	ENCSR840QPN	microRNA-seq	/mouse-donors/ENCDO509HIY/	UBERON:0000948	heart	PND_36	Male	H	36	M	2	H_36_M_2	heart	PND36	heart_PND36_m_2	4	tissue	Mus musculus	2	2_1	5edf84334682a064ba454a904bb4f932
ENCFF330QHT	mm10	ENCSR485TDS	microRNA-seq	/mouse-donors/ENCDO509HIY/	UBERON:0000948	heart	PNM_02	Female	H	2m	F	1	H_2m_F_1	heart	PNM02	heart_PNM02_f_1	4	tissue	Mus musculus	1	1_1	9158f351849e7a38bb7d8d5aa316e99a
ENCFF097MAE	mm10	ENCSR485TDS	microRNA-seq	/mouse-donors/ENCDO509HIY/	UBERON:0000948	heart	PNM_02	Female	H	2m	F	2	H_2m_F_2	heart	PNM02	heart_PNM02_f_2	4	tissue	Mus musculus	2	2_1	4fa8cae92344540700debe29b0153c64
ENCFF375ZMO	mm10	ENCSR878DFT	microRNA-seq	/mouse-donors/ENCDO509HIY/	UBERON:0000948	heart	PNM_02	Male	H	2m	M	1	H_2m_M_1	heart	PNM02	heart_PNM02_m_1	4	tissue	Mus musculus	1	1_1	d672801a354fba9798e821e08894f8a3
ENCFF541GKN	mm10	ENCSR878DFT	microRNA-seq	/mouse-donors/ENCDO509HIY/	UBERON:0000948	heart	PNM_02	Male	H	2m	M	2	H_2m_M_2	heart	PNM02	heart_PNM02_m_2	4	tissue	Mus musculus	2	2_1	13516c6114fad0a8fec8c0a8db1d77ab
ENCFF207OPC	mm10	ENCSR794QRE	microRNA-seq	/mouse-donors/ENCDO996MUL/	UBERON:0000948	heart	PNM_08	Female	H	8m	F	1	H_8m_F_1	heart	PNM08	heart_PNM08_f_1	4	tissue	Mus musculus	1	1_1	3efae8edd291f5d6723c56e1c7080d10
ENCFF960TOY	mm10	ENCSR794QRE	microRNA-seq	/mouse-donors/ENCDO996MUL/	UBERON:0000948	heart	PNM_08	Female	H	8m	F	2	H_8m_F_2	heart	PNM08	heart_PNM08_f_2	4	tissue	Mus musculus	2	2_1	e8c2669e5ba15e4028b69952ade039dc
ENCFF859GWB	mm10	ENCSR523CTA	microRNA-seq	/mouse-donors/ENCDO996MUL/	UBERON:0000948	heart	PNM_08	Male	H	8m	M	1	H_8m_M_1	heart	PNM08	heart_PNM08_m_1	4	tissue	Mus musculus	1	1_1	1ed90c37b983efdd969fb2ae73ca9bbb
ENCFF838WBE	mm10	ENCSR523CTA	microRNA-seq	/mouse-donors/ENCDO996MUL/	UBERON:0000948	heart	PNM_08	Male	H	8m	M	2	H_8m_M_2	heart	PNM08	heart_PNM08_m_2	4	tissue	Mus musculus	2	2_1	458272e7f622ad72fae6945958c30a59
ENCFF195ASB	mm10	ENCSR303XYS	microRNA-seq	/mouse-donors/ENCDO509HIY/	UBERON:0000948	heart	PNM_18-20	Female	H	18m	F	1	H_18m_F_1	heart	PNM18	heart_PNM18_f_1	4	tissue	Mus musculus	1	1_1	2eaf8710e4c23ffdf1f00eff140cc79b
ENCFF611ZGC	mm10	ENCSR303XYS	microRNA-seq	/mouse-donors/ENCDO509HIY/	UBERON:0000948	heart	PNM_18-20	Female	H	18m	F	2	H_18m_F_2	heart	PNM18	heart_PNM18_f_2	4	tissue	Mus musculus	2	2_1	3fcc829158c6a79aba4d07dfff45b2c0
ENCFF047ZAY	mm10	ENCSR108XJW	microRNA-seq	/mouse-donors/ENCDO509HIY/	UBERON:0000948	heart	PNM_18-20	Male	H	18m	M	1	H_18m_M_1	heart	PNM18	heart_PNM18_m_1	4	tissue	Mus musculus	1	1_1	fab28e6f30a41039943bf14edfaf7fb8
ENCFF236GBW	mm10	ENCSR108XJW	microRNA-seq	/mouse-donors/ENCDO509HIY/	UBERON:0000948	heart	PNM_18-20	Male	H	18m	M	2	H_18m_M_2	heart	PNM18	heart_PNM18_m_2	4	tissue	Mus musculus	2	2_1	f8e9c2a5ebffc5056bee2509c6446b4a
ENCFF023VUU	mm10	ENCSR531LRJ	microRNA-seq	/mouse-donors/ENCDO956IXV/	UBERON:0002028	hindbrain	ED_12.5	NA	HB	12.5	NA	1	HB_12.5_NA_1	hindbrain	E12.5	hindbrain_E12.5_na_1	3	tissue	Mus musculus	1	1_1	c78d393363504bc9fa5fca524f6625f2
ENCFF139FBU	mm10	ENCSR531LRJ	microRNA-seq	/mouse-donors/ENCDO956IXV/	UBERON:0002028	hindbrain	ED_12.5	NA	HB	12.5	NA	2	HB_12.5_NA_2	hindbrain	E12.5	hindbrain_E12.5_na_2	3	tissue	Mus musculus	2	2_1	9222bec5bb78a5aa0df7cef7a43466e3
ENCFF241WXW	mm10	ENCSR179ITA	microRNA-seq	/mouse-donors/ENCDO956IXV/	UBERON:0002028	hindbrain	ED_13.5	NA	HB	13.5	NA	1	HB_13.5_NA_1	hindbrain	E13.5	hindbrain_E13.5_na_1	3	tissue	Mus musculus	1	1_1	873f6c207c97be59494cff05ff19fcea
ENCFF794RID	mm10	ENCSR179ITA	microRNA-seq	/mouse-donors/ENCDO956IXV/	UBERON:0002028	hindbrain	ED_13.5	NA	HB	13.5	NA	2	HB_13.5_NA_2	hindbrain	E13.5	hindbrain_E13.5_na_2	3	tissue	Mus musculus	2	2_1	096b8535b8f8736575579100c5f064fd
ENCFF874PCI	mm10	ENCSR677GOF	microRNA-seq	/mouse-donors/ENCDO956IXV/	UBERON:0002028	hindbrain	ED_14.5	NA	HB	14.5	NA	1	HB_14.5_NA_1	hindbrain	E14.5	hindbrain_E14.5_na_1	3	tissue	Mus musculus	1	1_1	bbd677e7835db0b5864469cc24ed06c6
ENCFF136FML	mm10	ENCSR677GOF	microRNA-seq	/mouse-donors/ENCDO956IXV/	UBERON:0002028	hindbrain	ED_14.5	NA	HB	14.5	NA	2	HB_14.5_NA_2	hindbrain	E14.5	hindbrain_E14.5_na_2	3	tissue	Mus musculus	2	2_1	a09779c1d0b52f27335331fb808f439a
ENCFF849ACO	mm10	ENCSR110GMH	microRNA-seq	/mouse-donors/ENCDO956IXV/	UBERON:0002028	hindbrain	ED_15.5	NA	HB	15.5	NA	1	HB_15.5_NA_1	hindbrain	E15.5	hindbrain_E15.5_na_1	3	tissue	Mus musculus	1	1_1	1d26881230170e752f70646b1bf64c97
ENCFF263PRU	mm10	ENCSR110GMH	microRNA-seq	/mouse-donors/ENCDO956IXV/	UBERON:0002028	hindbrain	ED_15.5	NA	HB	15.5	NA	2	HB_15.5_NA_2	hindbrain	E15.5	hindbrain_E15.5_na_2	3	tissue	Mus musculus	2	2_1	0432a4564963904cfa5496c8a60e83e1
ENCFF103FZE	mm10	ENCSR571RHM	microRNA-seq	/mouse-donors/ENCDO956IXV/	UBERON:0002028	hindbrain	ED_16.5	NA	HB	16.5	NA	1	HB_16.5_NA_1	hindbrain	E16.5	hindbrain_E16.5_na_1	3	tissue	Mus musculus	1	1_1	091d829ae1b1412a216d0f95f5211a09
ENCFF974MVP	mm10	ENCSR571RHM	microRNA-seq	/mouse-donors/ENCDO956IXV/	UBERON:0002028	hindbrain	ED_16.5	NA	HB	16.5	NA	2	HB_16.5_NA_2	hindbrain	E16.5	hindbrain_E16.5_na_2	3	tissue	Mus musculus	2	2_1	5e50feb181aa57237a9f4c6437d3bcec
ENCFF178DQE	mm10	ENCSR308SIN	microRNA-seq	/mouse-donors/ENCDO956IXV/	UBERON:0002028	hindbrain	PND_0	NA	HB	0	NA	1	HB_0_NA_1	hindbrain	PND0	hindbrain_PND0_na_1	3	tissue	Mus musculus	1	1_1	56119d2fbd3df91e597d2bccbc8fa61b
ENCFF781CCW	mm10	ENCSR856ZFY	microRNA-seq	/mouse-donors/ENCDO956IXV/	UBERON:0002028	hindbrain	PND_0	NA_old	HB	0	NA	1	HB_0_NA_old_1	hindbrain	PND0	hindbrain_PND0_na_1	3	tissue	Mus musculus	1	1_1	4a693ff858d2743e83f5d127650b85ac
ENCFF993MVZ	mm10	ENCSR308SIN	microRNA-seq	/mouse-donors/ENCDO956IXV/	UBERON:0002028	hindbrain	PND_0	NA	HB	0	NA	2	HB_0_NA_2	hindbrain	PND0	hindbrain_PND0_na_2	3	tissue	Mus musculus	2	2_1	667cc3cc403f00f5b30f526357c866ae
ENCFF726OVI	mm10	ENCSR856ZFY	microRNA-seq	/mouse-donors/ENCDO956IXV/	UBERON:0002028	hindbrain	PND_0	NA_old	HB	0	NA	2	HB_0_NA_old_2	hindbrain	PND0	hindbrain_PND0_na_2	3	tissue	Mus musculus	2	2_1	71d531c8b7f8b5277de0d4fd728c0ec0
ENCFF764RPI	mm10	ENCSR580VUW	microRNA-seq	/mouse-donors/ENCDO956IXV/	UBERON:0000160	intestine	ED_14.5	NA	I	14.5	NA	1	I_14.5_NA_1	intestine	E14.5	intestine_E14.5_na_1	3	tissue	Mus musculus	1	1_1	43732530660487665c5b6896c22cb5d3
ENCFF077WAQ	mm10	ENCSR580VUW	microRNA-seq	/mouse-donors/ENCDO956IXV/	UBERON:0000160	intestine	ED_14.5	NA	I	14.5	NA	2	I_14.5_NA_2	intestine	E14.5	intestine_E14.5_na_2	3	tissue	Mus musculus	2	2_1	85925b61fd1b0e5bd8a528afef6c3fc9
ENCFF522URV	mm10	ENCSR212RKJ	microRNA-seq	/mouse-donors/ENCDO956IXV/	UBERON:0000160	intestine	ED_16.5	NA	I	16.5	NA	1	I_16.5_NA_1	intestine	E16.5	intestine_E16.5_na_1	3	tissue	Mus musculus	1	1_1	9d6b52cf654c608aa75971a4162c1df9
ENCFF857YQP	mm10	ENCSR212RKJ	microRNA-seq	/mouse-donors/ENCDO956IXV/	UBERON:0000160	intestine	ED_16.5	NA	I	16.5	NA	2	I_16.5_NA_2	intestine	E16.5	intestine_E16.5_na_2	3	tissue	Mus musculus	2	2_1	9da09e8c72bfc8b59e4efe96dc0b272e
ENCFF897PMR	mm10	ENCSR832DUZ	microRNA-seq	/mouse-donors/ENCDO956IXV/	UBERON:0000160	intestine	PND_0	NA	I	0	NA	1	I_0_NA_1	intestine	PND0	intestine_PND0_na_1	3	tissue	Mus musculus	1	1_1	6bfa1e2514cacba6ca3708924fc01654
ENCFF949KJP	mm10	ENCSR832DUZ	microRNA-seq	/mouse-donors/ENCDO956IXV/	UBERON:0000160	intestine	PND_0	NA	I	0	NA	2	I_0_NA_2	intestine	PND0	intestine_PND0_na_2	3	tissue	Mus musculus	2	2_1	a153ee59a12312aa7f716adec54c0bcf
ENCFF303IQR	mm10	ENCSR497ERE	microRNA-seq	/mouse-donors/ENCDO956IXV/	UBERON:0002113	kidney	ED_14.5	NA	K	14.5	NA	1	K_14.5_NA_1	kidney	E14.5	kidney_E14.5_na_1	3	tissue	Mus musculus	1	1_1	d38ba2346024c76e1489683297814ead
ENCFF674KBU	mm10	ENCSR497ERE	microRNA-seq	/mouse-donors/ENCDO956IXV/	UBERON:0002113	kidney	ED_14.5	NA	K	14.5	NA	2	K_14.5_NA_2	kidney	E14.5	kidney_E14.5_na_2	3	tissue	Mus musculus	2	2_1	3431dedf84cf8c6bb57bcae64a6f78d0
ENCFF765EFF	mm10	ENCSR008EQG	microRNA-seq	/mouse-donors/ENCDO956IXV/	UBERON:0002113	kidney	ED_15.5	NA	K	15.5	NA	1	K_15.5_NA_1	kidney	E15.5	kidney_E15.5_na_1	3	tissue	Mus musculus	1	1_1	c37d305639199b588bc3183453d73c68
ENCFF068WRL	mm10	ENCSR008EQG	microRNA-seq	/mouse-donors/ENCDO956IXV/	UBERON:0002113	kidney	ED_15.5	NA	K	15.5	NA	2	K_15.5_NA_2	kidney	E15.5	kidney_E15.5_na_2	3	tissue	Mus musculus	2	2_1	ee9955a6e49d59e6f89c36168443162d
ENCFF266ILH	mm10	ENCSR396EAG	microRNA-seq	/mouse-donors/ENCDO956IXV/	UBERON:0002113	kidney	ED_16.5	NA	K	16.5	NA	1	K_16.5_NA_1	kidney	E16.5	kidney_E16.5_na_1	3	tissue	Mus musculus	1	1_1	a996fced053a9a8713ef8f6bc316495f
ENCFF523QMH	mm10	ENCSR396EAG	microRNA-seq	/mouse-donors/ENCDO956IXV/	UBERON:0002113	kidney	ED_16.5	NA	K	16.5	NA	2	K_16.5_NA_2	kidney	E16.5	kidney_E16.5_na_2	3	tissue	Mus musculus	2	2_1	73d205f0ed0fc250288fb93821280e33
ENCFF479FFM	mm10	ENCSR484EVA	microRNA-seq	/mouse-donors/ENCDO956IXV/	UBERON:0002113	kidney	PND_0	NA	K	0	NA	1	K_0_NA_1	kidney	PND0	kidney_PND0_na_1	3	tissue	Mus musculus	1	1_1	fd92aa1aa452bd8931b43c8f2ccbae05
ENCFF623DSZ	mm10	ENCSR484EVA	microRNA-seq	/mouse-donors/ENCDO956IXV/	UBERON:0002113	kidney	PND_0	NA	K	0	NA	2	K_0_NA_2	kidney	PND0	kidney_PND0_na_2	3	tissue	Mus musculus	2	2_1	424c52d95106ea851c2aca7e5e652f8d
ENCFF134FKY	mm10	ENCSR657KLT	microRNA-seq	/mouse-donors/ENCDO509HIY/	UBERON:0002305	layer of hippocampus	PND_10	Female	HC	10	F	1	HC_10_F_1	hippocampus	PND10	hippocampus_PND10_f_1	4	tissue	Mus musculus	1	1_1	4c26d236b7229d51f5eccd03f9f2cb5c
ENCFF699SEP	mm10	ENCSR657KLT	microRNA-seq	/mouse-donors/ENCDO509HIY/	UBERON:0002305	layer of hippocampus	PND_10	Female	HC	10	F	2	HC_10_F_2	hippocampus	PND10	hippocampus_PND10_f_2	4	tissue	Mus musculus	2	2_1	42a307951aae228430a45be3bc3d477a
ENCFF314UYR	mm10	ENCSR021XWW	microRNA-seq	/mouse-donors/ENCDO509HIY/	UBERON:0002305	layer of hippocampus	PND_10	Male	HC	10	M	1	HC_10_M_1	hippocampus	PND10	hippocampus_PND10_m_1	4	tissue	Mus musculus	1	1_1	aaf6af9837c06e63fe4afbbcdacec7e1
ENCFF129TUD	mm10	ENCSR021XWW	microRNA-seq	/mouse-donors/ENCDO509HIY/	UBERON:0002305	layer of hippocampus	PND_10	Male	HC	10	M	2	HC_10_M_2	hippocampus	PND10	hippocampus_PND10_m_2	4	tissue	Mus musculus	2	2_1	dc6849377cc00bffed15297c1253c588
ENCFF636NAJ	mm10	ENCSR642MUL	microRNA-seq	/mouse-donors/ENCDO509HIY/	UBERON:0002305	layer of hippocampus	PND_14	Female	HC	14	F	1	HC_14_F_1	hippocampus	PND14	hippocampus_PND14_f_1	4	tissue	Mus musculus	1	1_1	03c4d7b65b5834d3b9baa3cd10d21738
ENCFF306UHG	mm10	ENCSR642MUL	microRNA-seq	/mouse-donors/ENCDO509HIY/	UBERON:0002305	layer of hippocampus	PND_14	Female	HC	14	F	2	HC_14_F_2	hippocampus	PND14	hippocampus_PND14_f_2	4	tissue	Mus musculus	2	2_1	f6012c0cb1a94a6a37ec2b732c60a3bc
ENCFF402WYD	mm10	ENCSR964USQ	microRNA-seq	/mouse-donors/ENCDO509HIY/	UBERON:0002305	layer of hippocampus	PND_14	Male	HC	14	M	1	HC_14_M_1	hippocampus	PND14	hippocampus_PND14_m_1	4	tissue	Mus musculus	1	1_1	8d0d1d8b34682657ad69c6949bee5964
ENCFF637YOB	mm10	ENCSR964USQ	microRNA-seq	/mouse-donors/ENCDO509HIY/	UBERON:0002305	layer of hippocampus	PND_14	Male	HC	14	M	2	HC_14_M_2	hippocampus	PND14	hippocampus_PND14_m_2	4	tissue	Mus musculus	2	2_1	fde94def18d35be4cb2539f939588d0a
ENCFF206VCK	mm10	ENCSR625RML	microRNA-seq	/mouse-donors/ENCDO509HIY/	UBERON:0002305	layer of hippocampus	PND_25	Female	HC	25	F	1	HC_25_F_1	hippocampus	PND25	hippocampus_PND25_f_1	4	tissue	Mus musculus	1	1_1	00974e07bf4350b78eea492b2b1a787b
ENCFF808EKR	mm10	ENCSR625RML	microRNA-seq	/mouse-donors/ENCDO509HIY/	UBERON:0002305	layer of hippocampus	PND_25	Female	HC	25	F	2	HC_25_F_2	hippocampus	PND25	hippocampus_PND25_f_2	4	tissue	Mus musculus	2	2_1	dd1224e6736d0234d3f4a1ed63cc9488
ENCFF597IQX	mm10	ENCSR744JYO	microRNA-seq	/mouse-donors/ENCDO509HIY/	UBERON:0002305	layer of hippocampus	PND_25	Male	HC	25	M	1	HC_25_M_1	hippocampus	PND25	hippocampus_PND25_m_1	4	tissue	Mus musculus	1	1_1	cd19c81512354f748684a9b02021db13
ENCFF126UGY	mm10	ENCSR744JYO	microRNA-seq	/mouse-donors/ENCDO509HIY/	UBERON:0002305	layer of hippocampus	PND_25	Male	HC	25	M	2	HC_25_M_2	hippocampus	PND25	hippocampus_PND25_m_2	4	tissue	Mus musculus	2	2_1	964b1a63d453497646859bbe4c2369da
ENCFF668CHM	mm10	ENCSR730GFX	microRNA-seq	/mouse-donors/ENCDO509HIY/	UBERON:0002305	layer of hippocampus	PND_36	Female	HC	36	F	1	HC_36_F_1	hippocampus	PND36	hippocampus_PND36_f_1	4	tissue	Mus musculus	1	1_1	219e32fbf35b7581ad97080b48f30068
ENCFF073BYB	mm10	ENCSR730GFX	microRNA-seq	/mouse-donors/ENCDO509HIY/	UBERON:0002305	layer of hippocampus	PND_36	Female	HC	36	F	2	HC_36_F_2	hippocampus	PND36	hippocampus_PND36_f_2	4	tissue	Mus musculus	2	2_1	8ce810df730694ab40f171b0f9c6f934
ENCFF416KPZ	mm10	ENCSR532KTV	microRNA-seq	/mouse-donors/ENCDO509HIY/	UBERON:0002305	layer of hippocampus	PND_36	Male	HC	36	M	1	HC_36_M_1	hippocampus	PND36	hippocampus_PND36_m_1	4	tissue	Mus musculus	1	1_1	0db59121b6bcd46478ccbb96498fa0ca
ENCFF303IOM	mm10	ENCSR532KTV	microRNA-seq	/mouse-donors/ENCDO509HIY/	UBERON:0002305	layer of hippocampus	PND_36	Male	HC	36	M	2	HC_36_M_2	hippocampus	PND36	hippocampus_PND36_m_2	4	tissue	Mus musculus	2	2_1	87bc1404f128a1102d6c50eac3079291
ENCFF744VDI	mm10	ENCSR436GZP	microRNA-seq	/mouse-donors/ENCDO956IXV/	UBERON:0002305	layer of hippocampus	PND_unknown	Female	HC	unknown	F	1	HC_unknown_F_1	hippocampus	PND_unknown	hippocampus_PND_unknown_f_1	3	tissue	Mus musculus	1	1_1	d3527a82cdcc82fa00485ccc2ef210a7
ENCFF884JSX	mm10	ENCSR659HKO	microRNA-seq	/mouse-donors/ENCDO835CXP/	UBERON:0002305	layer of hippocampus	PND_unknown	Female	HC	unknown	F	1	HC_unknown_F_1	hippocampus	PND_unknown	hippocampus_PND_unknown_f_1	4	tissue	Mus musculus	1	1_1	eab7a0af18eca8820485cf25f5bcea4d
ENCFF512MSG	mm10	ENCSR436GZP	microRNA-seq	/mouse-donors/ENCDO956IXV/	UBERON:0002305	layer of hippocampus	PND_unknown	Female	HC	unknown	F	2	HC_unknown_F_2	hippocampus	PND_unknown	hippocampus_PND_unknown_f_2	3	tissue	Mus musculus	2	2_1	e884cea1b1b73f2763b336483204ed36
ENCFF952HQO	mm10	ENCSR659HKO	microRNA-seq	/mouse-donors/ENCDO835CXP/	UBERON:0002305	layer of hippocampus	PND_unknown	Female	HC	unknown	F	2	HC_unknown_F_2	hippocampus	PND_unknown	hippocampus_PND_unknown_f_2	4	tissue	Mus musculus	2	2_1	8cd7fa86a44962b3a03e6564f6ec6fd1
ENCFF114ZHQ	mm10	ENCSR373DYT	microRNA-seq	/mouse-donors/ENCDO509HIY/	UBERON:0002305	layer of hippocampus	PNM_02	Female	HC	2m	F	1	HC_2m_F_1	hippocampus	PNM02	hippocampus_PNM02_f_1	4	tissue	Mus musculus	1	1_1	0b845b218cdee7aa06bd637553c6f851
ENCFF164UJN	mm10	ENCSR373DYT	microRNA-seq	/mouse-donors/ENCDO509HIY/	UBERON:0002305	layer of hippocampus	PNM_02	Female	HC	2m	F	2	HC_2m_F_2	hippocampus	PNM02	hippocampus_PNM02_f_2	4	tissue	Mus musculus	2	2_1	618e52b05f25bdfb27fa395e3f19e82b
ENCFF114WMT	mm10	ENCSR060REO	microRNA-seq	/mouse-donors/ENCDO509HIY/	UBERON:0002305	layer of hippocampus	PNM_02	Male	HC	2m	M	1	HC_2m_M_1	hippocampus	PNM02	hippocampus_PNM02_m_1	4	tissue	Mus musculus	1	1_1	d34a99337f6ac5d95cbd2172c1bf1e42
ENCFF974UTN	mm10	ENCSR060REO	microRNA-seq	/mouse-donors/ENCDO509HIY/	UBERON:0002305	layer of hippocampus	PNM_02	Male	HC	2m	M	2	HC_2m_M_2	hippocampus	PNM02	hippocampus_PNM02_m_2	4	tissue	Mus musculus	2	2_1	6239b18b603637a2328363af56d04da2
ENCFF615SUX	mm10	ENCSR760SKT	microRNA-seq	/mouse-donors/ENCDO956IXV/	UBERON:0002305	layer of hippocampus	PNM_06	Male	HC	6m	M	1	HC_6m_M_1	hippocampus	PNM06	hippocampus_PNM06_m_1	3	tissue	Mus musculus	1	1_1	f73a149df4e955b7dd6708199ea78da4
ENCFF205VUV	mm10	ENCSR760SKT	microRNA-seq	/mouse-donors/ENCDO956IXV/	UBERON:0002305	layer of hippocampus	PNM_06	Male	HC	6m	M	2	HC_6m_M_2	hippocampus	PNM06	hippocampus_PNM06_m_2	3	tissue	Mus musculus	2	2_1	1705d4ee489e4aa44d046cf93a1614dc
ENCFF303YMV	mm10	ENCSR234WVC	microRNA-seq	/mouse-donors/ENCDO996MUL/	UBERON:0002305	layer of hippocampus	PNM_08	Female	HC	8m	F	1	HC_8m_F_1	hippocampus	PNM08	hippocampus_PNM08_f_1	4	tissue	Mus musculus	1	1_1	8dc2b030bb068e19aa2d92d9d466876c
ENCFF238JZX	mm10	ENCSR234WVC	microRNA-seq	/mouse-donors/ENCDO996MUL/	UBERON:0002305	layer of hippocampus	PNM_08	Female	HC	8m	F	2	HC_8m_F_2	hippocampus	PNM08	hippocampus_PNM08_f_2	4	tissue	Mus musculus	2	2_1	5218ade57dd260a8cc14b59acf74ee49
ENCFF164JCN	mm10	ENCSR076IZU	microRNA-seq	/mouse-donors/ENCDO996MUL/	UBERON:0002305	layer of hippocampus	PNM_08	Male	HC	8m	M	1	HC_8m_M_1	hippocampus	PNM08	hippocampus_PNM08_m_1	4	tissue	Mus musculus	1	1_1	5daa6f7d6bf653178c2f0de4305f60a3
ENCFF718NDQ	mm10	ENCSR751IHR	microRNA-seq	/mouse-donors/ENCDO835CXP/	UBERON:0002305	layer of hippocampus	PNM_08	Male	HC	8m	M	1	HC_8m_M_1	hippocampus	PNM08	hippocampus_PNM08_m_1	4	tissue	Mus musculus	1	1_1	90da9f2d810b099d7d25a6ef1a121fec
ENCFF489UTP	mm10	ENCSR076IZU	microRNA-seq	/mouse-donors/ENCDO996MUL/	UBERON:0002305	layer of hippocampus	PNM_08	Male	HC	8m	M	2	HC_8m_M_2	hippocampus	PNM08	hippocampus_PNM08_m_2	4	tissue	Mus musculus	2	2_1	904e32113fff949af24ec45fad8542f0
ENCFF047ZEQ	mm10	ENCSR751IHR	microRNA-seq	/mouse-donors/ENCDO835CXP/	UBERON:0002305	layer of hippocampus	PNM_08	Male	HC	8m	M	2	HC_8m_M_2	hippocampus	PNM08	hippocampus_PNM08_m_2	4	tissue	Mus musculus	2	2_1	e555abbe1c4c381bf1d63ad0a239ed94
ENCFF735XAI	mm10	ENCSR370PLB	microRNA-seq	/mouse-donors/ENCDO509HIY/	UBERON:0002305	layer of hippocampus	PNM_18-20	Female	HC	18m	F	1	HC_18m_F_1	hippocampus	PNM18	hippocampus_PNM18_f_1	4	tissue	Mus musculus	1	1_1	838c65e4923846bd5c1e73bfd782ddb4
ENCFF945BAK	mm10	ENCSR370PLB	microRNA-seq	/mouse-donors/ENCDO509HIY/	UBERON:0002305	layer of hippocampus	PNM_18-20	Female	HC	18m	F	2	HC_18m_F_2	hippocampus	PNM18	hippocampus_PNM18_f_2	4	tissue	Mus musculus	2	2_1	b48dbd95f2c697b0a709c2fd09c76e8f
ENCFF474VOH	mm10	ENCSR014OEA	microRNA-seq	/mouse-donors/ENCDO509HIY/	UBERON:0002305	layer of hippocampus	PNM_18-20	Male	HC	18m	M	1	HC_18m_M_1	hippocampus	PNM18	hippocampus_PNM18_m_1	4	tissue	Mus musculus	1	1_1	a161f5dfd4c1c7bfe51de366c221c802
ENCFF058BCQ	mm10	ENCSR014OEA	microRNA-seq	/mouse-donors/ENCDO509HIY/	UBERON:0002305	layer of hippocampus	PNM_18-20	Male	HC	18m	M	2	HC_18m_M_2	hippocampus	PNM18	hippocampus_PNM18_m_2	4	tissue	Mus musculus	2	2_1	8846768a499ec58507a193a65ccbd7b9
ENCFF569PSM	mm10	ENCSR560FAG	microRNA-seq	/mouse-donors/ENCDO509HIY/	NTR:0000646	left cerebral cortex	PND_04	Female	C	4	F	1	C_4_F_1	cortex	PND04	cortex_PND04_f_1	4	tissue	Mus musculus	1	1_1	83f7631bc4ea5aae631c256e1d15b241
ENCFF371KXF	mm10	ENCSR560FAG	microRNA-seq	/mouse-donors/ENCDO509HIY/	NTR:0000646	left cerebral cortex	PND_04	Female	C	4	F	2	C_4_F_2	cortex	PND04	cortex_PND04_f_2	4	tissue	Mus musculus	2	2_1	1d720ecc749f4e695f372c84c55a632e
ENCFF576FFA	mm10	ENCSR419RHJ	microRNA-seq	/mouse-donors/ENCDO509HIY/	NTR:0000646	left cerebral cortex	PND_04	Male	C	4	M	1	C_4_M_1	cortex	PND04	cortex_PND04_m_1	4	tissue	Mus musculus	1	1_1	cddaaa5d4c1fd636703184a38d546f51
ENCFF290OWH	mm10	ENCSR419RHJ	microRNA-seq	/mouse-donors/ENCDO509HIY/	NTR:0000646	left cerebral cortex	PND_04	Male	C	4	M	2	C_4_M_2	cortex	PND04	cortex_PND04_m_2	4	tissue	Mus musculus	2	2_1	e8887763d9fffe3698e6c498ee5686a6
ENCFF977SNA	mm10	ENCSR332HPA	microRNA-seq	/mouse-donors/ENCDO509HIY/	NTR:0000646	left cerebral cortex	PND_10	Female	C	10	F	1	C_10_F_1	cortex	PND10	cortex_PND10_f_1	4	tissue	Mus musculus	1	1_1	d353f160b4b32c5594a0c58bea4be823
ENCFF077OLD	mm10	ENCSR332HPA	microRNA-seq	/mouse-donors/ENCDO509HIY/	NTR:0000646	left cerebral cortex	PND_10	Female	C	10	F	2	C_10_F_2	cortex	PND10	cortex_PND10_f_2	4	tissue	Mus musculus	2	2_1	e3e30a3824737619194b726df80d32de
ENCFF791FRY	mm10	ENCSR268MII	microRNA-seq	/mouse-donors/ENCDO509HIY/	NTR:0000646	left cerebral cortex	PND_10	Male	C	10	M	1	C_10_M_1	cortex	PND10	cortex_PND10_m_1	4	tissue	Mus musculus	1	1_1	108a9470d5c6b5a5a3dc2e925f304689
ENCFF382XRU	mm10	ENCSR268MII	microRNA-seq	/mouse-donors/ENCDO509HIY/	NTR:0000646	left cerebral cortex	PND_10	Male	C	10	M	2	C_10_M_2	cortex	PND10	cortex_PND10_m_2	4	tissue	Mus musculus	2	2_1	73bdae169aae13fc37fc31afda96f652
ENCFF944UPG	mm10	ENCSR429KRO	microRNA-seq	/mouse-donors/ENCDO509HIY/	NTR:0000646	left cerebral cortex	PND_14	Female	C	14	F	1	C_14_F_1	cortex	PND14	cortex_PND14_f_1	4	tissue	Mus musculus	1	1_1	7dfa308a6e81a5e416c19591450e328f
ENCFF565ZLM	mm10	ENCSR429KRO	microRNA-seq	/mouse-donors/ENCDO509HIY/	NTR:0000646	left cerebral cortex	PND_14	Female	C	14	F	2	C_14_F_2	cortex	PND14	cortex_PND14_f_2	4	tissue	Mus musculus	2	2_1	7dffc99fcef6586ea1eab87652a378cc
ENCFF352LRR	mm10	ENCSR020XUQ	microRNA-seq	/mouse-donors/ENCDO509HIY/	NTR:0000646	left cerebral cortex	PND_14	Male	C	14	M	1	C_14_M_1	cortex	PND14	cortex_PND14_m_1	4	tissue	Mus musculus	1	1_1	cf1643975c03f146b7ebeea67dc722ea
ENCFF533IGE	mm10	ENCSR020XUQ	microRNA-seq	/mouse-donors/ENCDO509HIY/	NTR:0000646	left cerebral cortex	PND_14	Male	C	14	M	2	C_14_M_2	cortex	PND14	cortex_PND14_m_2	4	tissue	Mus musculus	2	2_1	362d7532cd2aa25bc7da73c61cb1cc17
ENCFF702PJV	mm10	ENCSR326SPS	microRNA-seq	/mouse-donors/ENCDO509HIY/	NTR:0000646	left cerebral cortex	PND_25	Female	C	25	F	1	C_25_F_1	cortex	PND25	cortex_PND25_f_1	4	tissue	Mus musculus	1	1_1	29cecbd3e82bc5433162ce405b0e8877
ENCFF798DFH	mm10	ENCSR326SPS	microRNA-seq	/mouse-donors/ENCDO509HIY/	NTR:0000646	left cerebral cortex	PND_25	Female	C	25	F	2	C_25_F_2	cortex	PND25	cortex_PND25_f_2	4	tissue	Mus musculus	2	2_1	7924821fd1e69b738fedce377bb54e6b
ENCFF263VES	mm10	ENCSR640XEJ	microRNA-seq	/mouse-donors/ENCDO509HIY/	NTR:0000646	left cerebral cortex	PND_25	Male	C	25	M	1	C_25_M_1	cortex	PND25	cortex_PND25_m_1	4	tissue	Mus musculus	1	1_1	e57edbecc56845587c0f72588399a4d1
ENCFF245PYK	mm10	ENCSR640XEJ	microRNA-seq	/mouse-donors/ENCDO509HIY/	NTR:0000646	left cerebral cortex	PND_25	Male	C	25	M	2	C_25_M_2	cortex	PND25	cortex_PND25_m_2	4	tissue	Mus musculus	2	2_1	be93e30c173422e883ee4eee5ed1a07c
ENCFF957RVR	mm10	ENCSR305JTG	microRNA-seq	/mouse-donors/ENCDO509HIY/	NTR:0000646	left cerebral cortex	PND_36	Female	C	36	F	1	C_36_F_1	cortex	PND36	cortex_PND36_f_1	4	tissue	Mus musculus	1	1_1	c0076d99b023554472d0804f5204893d
ENCFF148TYC	mm10	ENCSR305JTG	microRNA-seq	/mouse-donors/ENCDO509HIY/	NTR:0000646	left cerebral cortex	PND_36	Female	C	36	F	2	C_36_F_2	cortex	PND36	cortex_PND36_f_2	4	tissue	Mus musculus	2	2_1	023622e9acab3365e7d4a0e9e2988006
ENCFF985VSA	mm10	ENCSR401RSJ	microRNA-seq	/mouse-donors/ENCDO509HIY/	NTR:0000646	left cerebral cortex	PND_36	Male	C	36	M	1	C_36_M_1	cortex	PND36	cortex_PND36_m_1	4	tissue	Mus musculus	1	1_1	e73585844accd8fb79f587b635fcf58c
ENCFF334CSK	mm10	ENCSR401RSJ	microRNA-seq	/mouse-donors/ENCDO509HIY/	NTR:0000646	left cerebral cortex	PND_36	Male	C	36	M	2	C_36_M_2	cortex	PND36	cortex_PND36_m_2	4	tissue	Mus musculus	2	2_1	13fa01c6f618d1dd42ac6123c0718f99
ENCFF537FBJ	mm10	ENCSR340GMJ	microRNA-seq	/mouse-donors/ENCDO509HIY/	NTR:0000646	left cerebral cortex	PNM_02	Female	C	2m	F	1	C_2m_F_1	cortex	PNM02	cortex_PNM02_f_1	4	tissue	Mus musculus	1	1_1	ffa908821e6709da20b44bf72e6f1dad
ENCFF725ZUN	mm10	ENCSR340GMJ	microRNA-seq	/mouse-donors/ENCDO509HIY/	NTR:0000646	left cerebral cortex	PNM_02	Female	C	2m	F	2	C_2m_F_2	cortex	PNM02	cortex_PNM02_f_2	4	tissue	Mus musculus	2	2_1	1ee64250a8ec94afa63eb9da68e7dd2a
ENCFF233HUT	mm10	ENCSR857OZQ	microRNA-seq	/mouse-donors/ENCDO509HIY/	NTR:0000646	left cerebral cortex	PNM_02	Male	C	2m	M	1	C_2m_M_1	cortex	PNM02	cortex_PNM02_m_1	4	tissue	Mus musculus	1	1_1	20aee24ed2662eff7a9e6ac7fb783ace
ENCFF781QAF	mm10	ENCSR857OZQ	microRNA-seq	/mouse-donors/ENCDO509HIY/	NTR:0000646	left cerebral cortex	PNM_02	Male	C	2m	M	2	C_2m_M_2	cortex	PNM02	cortex_PNM02_m_2	4	tissue	Mus musculus	2	2_1	99ab586ef5f803470bca64bad16e0d27
ENCFF563ADH	mm10	ENCSR036UMN	microRNA-seq	/mouse-donors/ENCDO835CXP/	NTR:0000646	left cerebral cortex	PNM_08	Female	C	8m	F	1	C_8m_F_1	cortex	PNM08	cortex_PNM08_f_1	4	tissue	Mus musculus	1	1_1	e2651ae8c158b3038ef80af54ee33aa1
ENCFF395IGE	mm10	ENCSR059NOB	microRNA-seq	/mouse-donors/ENCDO956IXV/	NTR:0000646	left cerebral cortex	PNM_08	Female	C	8m	F	1	C_8m_F_1	cortex	PNM08	cortex_PNM08_f_1	3	tissue	Mus musculus	1	1_1	90a3c36ec22745b19ae22d51522749a2
ENCFF660DVA	mm10	ENCSR367RBT	microRNA-seq	/mouse-donors/ENCDO996MUL/	NTR:0000646	left cerebral cortex	PNM_08	Female	C	8m	F	1	C_8m_F_1	cortex	PNM08	cortex_PNM08_f_1	4	tissue	Mus musculus	1	1_1	950f7e0afba4397059e7a87c36abb4f3
ENCFF948RDZ	mm10	ENCSR036UMN	microRNA-seq	/mouse-donors/ENCDO835CXP/	NTR:0000646	left cerebral cortex	PNM_08	Female	C	8m	F	2	C_8m_F_2	cortex	PNM08	cortex_PNM08_f_2	4	tissue	Mus musculus	2	2_1	c0f15cf2338e59f868e64031c90d5280
ENCFF152XZK	mm10	ENCSR059NOB	microRNA-seq	/mouse-donors/ENCDO956IXV/	NTR:0000646	left cerebral cortex	PNM_08	Female	C	8m	F	2	C_8m_F_2	cortex	PNM08	cortex_PNM08_f_2	3	tissue	Mus musculus	2	2_1	61e2b92a5c7333ce2de9a42369dddd38
ENCFF184AYK	mm10	ENCSR367RBT	microRNA-seq	/mouse-donors/ENCDO996MUL/	NTR:0000646	left cerebral cortex	PNM_08	Female	C	8m	F	2	C_8m_F_2	cortex	PNM08	cortex_PNM08_f_2	4	tissue	Mus musculus	2	2_1	b34d54de15c05a2e3480160d56676036
ENCFF979XIA	mm10	ENCSR013XSN	microRNA-seq	/mouse-donors/ENCDO996MUL/	NTR:0000646	left cerebral cortex	PNM_08	Male	C	8m	M	1	C_8m_M_1	cortex	PNM08	cortex_PNM08_m_1	4	tissue	Mus musculus	1	1_1	fe4dd048104129f36ea12b0a220a5b6e
ENCFF263IEJ	mm10	ENCSR013XSN	microRNA-seq	/mouse-donors/ENCDO996MUL/	NTR:0000646	left cerebral cortex	PNM_08	Male	C	8m	M	2	C_8m_M_2	cortex	PNM08	cortex_PNM08_m_2	4	tissue	Mus musculus	2	2_1	59ac95078b22da497f7b4da813579f37
ENCFF349RNO	mm10	ENCSR919OSV	microRNA-seq	/mouse-donors/ENCDO509HIY/	NTR:0000646	left cerebral cortex	PNM_18-20	Female	C	18m	F	1	C_18m_F_1	cortex	PNM18	cortex_PNM18_f_1	4	tissue	Mus musculus	1	1_1	aec4f30c661df3fb55a597b6637cb6a9
ENCFF996IFA	mm10	ENCSR919OSV	microRNA-seq	/mouse-donors/ENCDO509HIY/	NTR:0000646	left cerebral cortex	PNM_18-20	Female	C	18m	F	2	C_18m_F_2	cortex	PNM18	cortex_PNM18_f_2	4	tissue	Mus musculus	2	2_1	d6f822c52e28b0b7f32790eb8bf80fce
ENCFF195YOA	mm10	ENCSR521EUU	microRNA-seq	/mouse-donors/ENCDO509HIY/	NTR:0000646	left cerebral cortex	PNM_18-20	Male	C	18m	M	1	C_18m_M_1	cortex	PNM18	cortex_PNM18_m_1	4	tissue	Mus musculus	1	1_1	62d2ab1a3c8b501c6f873744b8d646b5
ENCFF547FER	mm10	ENCSR521EUU	microRNA-seq	/mouse-donors/ENCDO509HIY/	NTR:0000646	left cerebral cortex	PNM_18-20	Male	C	18m	M	2	C_18m_M_2	cortex	PNM18	cortex_PNM18_m_2	4	tissue	Mus musculus	2	2_1	1cc0b52a21bfa77bebb5f132c21ae2bb
ENCFF398EBM	mm10	ENCSR715NEZ	microRNA-seq	/mouse-donors/ENCDO956IXV/	UBERON:0002101	limb	ED_10.5	NA	LB	10.5	NA	1	LB_10.5_NA_1	gastroc	E10.5	gastroc_E10.5_na_1	3	tissue	Mus musculus	1	1_1	e70308502cfb3790dfb572d53bdeb0bb
ENCFF065GME	mm10	ENCSR715NEZ	microRNA-seq	/mouse-donors/ENCDO956IXV/	UBERON:0002101	limb	ED_10.5	NA	LB	10.5	NA	2	LB_10.5_NA_2	gastroc	E10.5	gastroc_E10.5_na_2	3	tissue	Mus musculus	2	2_1	b4d1f9dd60d5c40836892124e024705d
ENCFF336AYD	mm10	ENCSR900DXS	microRNA-seq	/mouse-donors/ENCDO956IXV/	UBERON:0002101	limb	ED_11.5	NA	LB	11.5	NA	1	LB_11.5_NA_1	gastroc	E11.5	gastroc_E11.5_na_1	3	tissue	Mus musculus	1	1_1	801771e288b508976c32fe1810fff680
ENCFF116YCG	mm10	ENCSR900DXS	microRNA-seq	/mouse-donors/ENCDO956IXV/	UBERON:0002101	limb	ED_11.5	NA	LB	11.5	NA	2	LB_11.5_NA_2	gastroc	E11.5	gastroc_E11.5_na_2	3	tissue	Mus musculus	2	2_1	1303da2d00b37d1e9868899f555035ac
ENCFF498WOL	mm10	ENCSR618GKP	microRNA-seq	/mouse-donors/ENCDO956IXV/	UBERON:0002101	limb	ED_12.5	NA	LB	12.5	NA	1	LB_12.5_NA_1	gastroc	E12.5	gastroc_E12.5_na_1	3	tissue	Mus musculus	1	1_1	07529046359c323129a7a424bd8b13db
ENCFF755ZZE	mm10	ENCSR618GKP	microRNA-seq	/mouse-donors/ENCDO956IXV/	UBERON:0002101	limb	ED_12.5	NA	LB	12.5	NA	2	LB_12.5_NA_2	gastroc	E12.5	gastroc_E12.5_na_2	3	tissue	Mus musculus	2	2_1	8e1310e44de41e5a38b34834831e7a49
ENCFF093XOF	mm10	ENCSR354YFG	microRNA-seq	/mouse-donors/ENCDO956IXV/	UBERON:0002101	limb	ED_13.5	NA	LB	13.5	NA	1	LB_13.5_NA_1	gastroc	E13.5	gastroc_E13.5_na_1	3	tissue	Mus musculus	1	1_1	6cfc68ea9050f082efde48de922ed200
ENCFF369MXS	mm10	ENCSR354YFG	microRNA-seq	/mouse-donors/ENCDO956IXV/	UBERON:0002101	limb	ED_13.5	NA	LB	13.5	NA	2	LB_13.5_NA_2	gastroc	E13.5	gastroc_E13.5_na_2	3	tissue	Mus musculus	2	2_1	995d5a36da7fb5a42ca111ca310a40d2
ENCFF600EQC	mm10	ENCSR669XBU	microRNA-seq	/mouse-donors/ENCDO956IXV/	UBERON:0002101	limb	ED_14.5	NA	LB	14.5	NA	1	LB_14.5_NA_1	gastroc	E14.5	gastroc_E14.5_na_1	3	tissue	Mus musculus	1	1_1	16440d2072141917a60e4317fdd7e4aa
ENCFF652UEV	mm10	ENCSR669XBU	microRNA-seq	/mouse-donors/ENCDO956IXV/	UBERON:0002101	limb	ED_14.5	NA	LB	14.5	NA	2	LB_14.5_NA_2	gastroc	E14.5	gastroc_E14.5_na_2	3	tissue	Mus musculus	2	2_1	4474e7f2db209fa1aaedd307dcc1bcd0
ENCFF594SYI	mm10	ENCSR070GAZ	microRNA-seq	/mouse-donors/ENCDO956IXV/	UBERON:0002101	limb	ED_15.5	NA	LB	15.5	NA	1	LB_15.5_NA_1	gastroc	E15.5	gastroc_E15.5_na_1	3	tissue	Mus musculus	1	1_1	5264c52e0fcb7acb2439deefd3869626
ENCFF792IRA	mm10	ENCSR070GAZ	microRNA-seq	/mouse-donors/ENCDO956IXV/	UBERON:0002101	limb	ED_15.5	NA	LB	15.5	NA	2	LB_15.5_NA_2	gastroc	E15.5	gastroc_E15.5_na_2	3	tissue	Mus musculus	2	2_1	842dfbfcec257ebed96eba1f26f1ebfe
ENCFF533QPE	mm10	ENCSR489FQD	microRNA-seq	/mouse-donors/ENCDO956IXV/	UBERON:0002107	liver	ED_11.5	NA	LI	11.5	NA	1	LI_11.5_NA_1	liver	E11.5	liver_E11.5_na_1	3	tissue	Mus musculus	1	1_1	a397bf348599ff064419a17d964e8b05
ENCFF501CKI	mm10	ENCSR489FQD	microRNA-seq	/mouse-donors/ENCDO956IXV/	UBERON:0002107	liver	ED_11.5	NA	LI	11.5	NA	2	LI_11.5_NA_2	liver	E11.5	liver_E11.5_na_2	3	tissue	Mus musculus	2	2_1	7928ed2c457983b2c4c24dd7239e691f
ENCFF465CLN	mm10	ENCSR453ESQ	microRNA-seq	/mouse-donors/ENCDO956IXV/	UBERON:0002107	liver	ED_12.5	NA	LI	12.5	NA	1	LI_12.5_NA_1	liver	E12.5	liver_E12.5_na_1	3	tissue	Mus musculus	1	1_1	1133c06d13eb44e1cebe0944bef5ee2d
ENCFF553MWM	mm10	ENCSR453ESQ	microRNA-seq	/mouse-donors/ENCDO956IXV/	UBERON:0002107	liver	ED_12.5	NA	LI	12.5	NA	2	LI_12.5_NA_2	liver	E12.5	liver_E12.5_na_2	3	tissue	Mus musculus	2	2_1	5698c8c139d81ff40f35dfc502e19767
ENCFF009KTY	mm10	ENCSR809AKO	microRNA-seq	/mouse-donors/ENCDO956IXV/	UBERON:0002107	liver	ED_13.5	NA	LI	13.5	NA	1	LI_13.5_NA_1	liver	E13.5	liver_E13.5_na_1	3	tissue	Mus musculus	1	1_1	979e0c2089b51c96d546295883846da9
ENCFF133QFH	mm10	ENCSR809AKO	microRNA-seq	/mouse-donors/ENCDO956IXV/	UBERON:0002107	liver	ED_13.5	NA	LI	13.5	NA	2	LI_13.5_NA_2	liver	E13.5	liver_E13.5_na_2	3	tissue	Mus musculus	2	2_1	a80fadef52c80bfb4d070a432f8a8751
ENCFF604LZN	mm10	ENCSR510TFQ	microRNA-seq	/mouse-donors/ENCDO956IXV/	UBERON:0002107	liver	ED_14.5	NA	LI	14.5	NA	1	LI_14.5_NA_1	liver	E14.5	liver_E14.5_na_1	3	tissue	Mus musculus	1	1_1	8b621e8bf25bdb6163db5c8b18b2d3a6
ENCFF455ZBG	mm10	ENCSR510TFQ	microRNA-seq	/mouse-donors/ENCDO956IXV/	UBERON:0002107	liver	ED_14.5	NA	LI	14.5	NA	2	LI_14.5_NA_2	liver	E14.5	liver_E14.5_na_2	3	tissue	Mus musculus	2	2_1	80d4d32122990d2504ff7de1bcd0a050
ENCFF953CGZ	mm10	ENCSR246FZV	microRNA-seq	/mouse-donors/ENCDO956IXV/	UBERON:0002107	liver	ED_15.5	NA	LI	15.5	NA	1	LI_15.5_NA_1	liver	E15.5	liver_E15.5_na_1	3	tissue	Mus musculus	1	1_1	b06a3d6e2c05a35d83a535f4e65487c7
ENCFF251PEN	mm10	ENCSR246FZV	microRNA-seq	/mouse-donors/ENCDO956IXV/	UBERON:0002107	liver	ED_15.5	NA	LI	15.5	NA	2	LI_15.5_NA_2	liver	E15.5	liver_E15.5_na_2	3	tissue	Mus musculus	2	2_1	e353ba414f4bd5eb35220607a6f3730a
ENCFF589RPU	mm10	ENCSR752QGH	microRNA-seq	/mouse-donors/ENCDO956IXV/	UBERON:0002107	liver	ED_16.5	NA	LI	16.5	NA	1	LI_16.5_NA_1	liver	E16.5	liver_E16.5_na_1	3	tissue	Mus musculus	1	1_1	78b126645f972969032d0bd6549de4ca
ENCFF798FRC	mm10	ENCSR752QGH	microRNA-seq	/mouse-donors/ENCDO956IXV/	UBERON:0002107	liver	ED_16.5	NA	LI	16.5	NA	2	LI_16.5_NA_2	liver	E16.5	liver_E16.5_na_2	3	tissue	Mus musculus	2	2_1	ba9914ba81c7df42ba11e80f8a89bcbc
ENCFF589VTT	mm10	ENCSR456CZD	microRNA-seq	/mouse-donors/ENCDO956IXV/	UBERON:0002107	liver	PND_0	NA	LI	0	NA	1	LI_0_NA_1	liver	PND0	liver_PND0_na_1	3	tissue	Mus musculus	1	1_1	610a2d82ed15affaa14298bf0294c5b3
ENCFF487XPK	mm10	ENCSR456CZD	microRNA-seq	/mouse-donors/ENCDO956IXV/	UBERON:0002107	liver	PND_0	NA	LI	0	NA	2	LI_0_NA_2	liver	PND0	liver_PND0_na_2	3	tissue	Mus musculus	2	2_1	91d50fd2510a0fd4ce678e14203ebfcd
ENCFF513CYB	mm10	ENCSR185XJA	microRNA-seq	/mouse-donors/ENCDO956IXV/	UBERON:0002048	lung	ED_14.5	NA	LU	14.5	NA	1	LU_14.5_NA_1	lung	E14.5	lung_E14.5_na_1	3	tissue	Mus musculus	1	1_1	993f8e616956f92a04f9b0b0afe467e7
ENCFF555VTV	mm10	ENCSR185XJA	microRNA-seq	/mouse-donors/ENCDO956IXV/	UBERON:0002048	lung	ED_14.5	NA	LU	14.5	NA	2	LU_14.5_NA_2	lung	E14.5	lung_E14.5_na_2	3	tissue	Mus musculus	2	2_1	92df52bdad7dc720647d1a2e16c65762
ENCFF193TUD	mm10	ENCSR631JEQ	microRNA-seq	/mouse-donors/ENCDO956IXV/	UBERON:0002048	lung	ED_15.5	NA	LU	15.5	NA	1	LU_15.5_NA_1	lung	E15.5	lung_E15.5_na_1	3	tissue	Mus musculus	1	1_1	edc767ec688e7d1003e250e3a83d38c4
ENCFF588JVY	mm10	ENCSR631JEQ	microRNA-seq	/mouse-donors/ENCDO956IXV/	UBERON:0002048	lung	ED_15.5	NA	LU	15.5	NA	2	LU_15.5_NA_2	lung	E15.5	lung_E15.5_na_2	3	tissue	Mus musculus	2	2_1	aa660271b542f88a94e3ebafec3a1488
ENCFF009EDC	mm10	ENCSR713JKD	microRNA-seq	/mouse-donors/ENCDO956IXV/	UBERON:0002048	lung	ED_16.5	NA	LU	16.5	NA	1	LU_16.5_NA_1	lung	E16.5	lung_E16.5_na_1	3	tissue	Mus musculus	1	1_1	a8c8e8e822a3f3b7fb7f37787b573749
ENCFF664OZG	mm10	ENCSR713JKD	microRNA-seq	/mouse-donors/ENCDO956IXV/	UBERON:0002048	lung	ED_16.5	NA	LU	16.5	NA	2	LU_16.5_NA_2	lung	E16.5	lung_E16.5_na_2	3	tissue	Mus musculus	2	2_1	2a957f1ec3f0b08d1fc39d7b0e27cbfc
ENCFF073MHA	mm10	ENCSR161PUT	microRNA-seq	/mouse-donors/ENCDO956IXV/	UBERON:0002048	lung	PND_0	NA	LU	0	NA	1	LU_0_NA_1	lung	PND0	lung_PND0_na_1	3	tissue	Mus musculus	1	1_1	2a9443e53aed95b2b967ad1416ff532b
ENCFF211WWP	mm10	ENCSR161PUT	microRNA-seq	/mouse-donors/ENCDO956IXV/	UBERON:0002048	lung	PND_0	NA	LU	0	NA	2	LU_0_NA_2	lung	PND0	lung_PND0_na_2	3	tissue	Mus musculus	2	2_1	169915b1c53d068db55df3beff6c4496
ENCFF881IEP	mm10	ENCSR835AJS	microRNA-seq	/mouse-donors/ENCDO956IXV/	UBERON:0001891	midbrain	ED_10.5	NA	MB	10.5	NA	1	MB_10.5_NA_1	midbrain	E10.5	midbrain_E10.5_na_1	3	tissue	Mus musculus	1	1_1	260c526b6890672f97348d0046606ce9
ENCFF589ENH	mm10	ENCSR835AJS	microRNA-seq	/mouse-donors/ENCDO956IXV/	UBERON:0001891	midbrain	ED_10.5	NA	MB	10.5	NA	2	MB_10.5_NA_2	midbrain	E10.5	midbrain_E10.5_na_2	3	tissue	Mus musculus	2	2_1	f14171d5b77d4eea48f3809485532ef1
ENCFF455BXS	mm10	ENCSR152ETW	microRNA-seq	/mouse-donors/ENCDO956IXV/	UBERON:0001891	midbrain	ED_11.5	NA	MB	11.5	NA	1	MB_11.5_NA_1	midbrain	E11.5	midbrain_E11.5_na_1	3	tissue	Mus musculus	1	1_1	486f1d5140e8f63cfda24bca1a5a7dd1
ENCFF076DQY	mm10	ENCSR152ETW	microRNA-seq	/mouse-donors/ENCDO956IXV/	UBERON:0001891	midbrain	ED_11.5	NA	MB	11.5	NA	2	MB_11.5_NA_2	midbrain	E11.5	midbrain_E11.5_na_2	3	tissue	Mus musculus	2	2_1	b8bb15cc3f8a78c335a6486d513f68fb
ENCFF355VCM	mm10	ENCSR591SJC	microRNA-seq	/mouse-donors/ENCDO956IXV/	UBERON:0001891	midbrain	ED_12.5	NA	MB	12.5	NA	1	MB_12.5_NA_1	midbrain	E12.5	midbrain_E12.5_na_1	3	tissue	Mus musculus	1	1_1	f88654fdb3ef16aa02de868d99d3a6ba
ENCFF860YUY	mm10	ENCSR591SJC	microRNA-seq	/mouse-donors/ENCDO956IXV/	UBERON:0001891	midbrain	ED_12.5	NA	MB	12.5	NA	2	MB_12.5_NA_2	midbrain	E12.5	midbrain_E12.5_na_2	3	tissue	Mus musculus	2	2_1	81ce4200621ef8ccf52c48c74e55fd77
ENCFF385TXG	mm10	ENCSR680TRJ	microRNA-seq	/mouse-donors/ENCDO956IXV/	UBERON:0001891	midbrain	ED_13.5	NA	MB	13.5	NA	1	MB_13.5_NA_1	midbrain	E13.5	midbrain_E13.5_na_1	3	tissue	Mus musculus	1	1_1	1c3e5c200f24a6f7c1167bc5d4e96d7f
ENCFF869ZDM	mm10	ENCSR680TRJ	microRNA-seq	/mouse-donors/ENCDO956IXV/	UBERON:0001891	midbrain	ED_13.5	NA	MB	13.5	NA	2	MB_13.5_NA_2	midbrain	E13.5	midbrain_E13.5_na_2	3	tissue	Mus musculus	2	2_1	28cac65ffe35ecc88040b5139c98b1f6
ENCFF764BZF	mm10	ENCSR863FYW	microRNA-seq	/mouse-donors/ENCDO956IXV/	UBERON:0001891	midbrain	ED_14.5	NA	MB	14.5	NA	1	MB_14.5_NA_1	midbrain	E14.5	midbrain_E14.5_na_1	3	tissue	Mus musculus	1	1_1	ca648e5d62424a2c1fc221c52d1513bc
ENCFF767SZT	mm10	ENCSR863FYW	microRNA-seq	/mouse-donors/ENCDO956IXV/	UBERON:0001891	midbrain	ED_14.5	NA	MB	14.5	NA	2	MB_14.5_NA_2	midbrain	E14.5	midbrain_E14.5_na_2	3	tissue	Mus musculus	2	2_1	82758708f1d424c5c1bc161e511cdf83
ENCFF742CJB	mm10	ENCSR685OON	microRNA-seq	/mouse-donors/ENCDO956IXV/	UBERON:0001891	midbrain	ED_15.5	NA	MB	15.5	NA	1	MB_15.5_NA_1	midbrain	E15.5	midbrain_E15.5_na_1	3	tissue	Mus musculus	1	1_1	4916717d2fe95ad5cebbd79ca8043539
ENCFF862XZY	mm10	ENCSR685OON	microRNA-seq	/mouse-donors/ENCDO956IXV/	UBERON:0001891	midbrain	ED_15.5	NA	MB	15.5	NA	2	MB_15.5_NA_2	midbrain	E15.5	midbrain_E15.5_na_2	3	tissue	Mus musculus	2	2_1	25f541b722f4790916b4c6a9444169da
ENCFF954EUV	mm10	ENCSR625ESQ	microRNA-seq	/mouse-donors/ENCDO956IXV/	UBERON:0001891	midbrain	ED_16.5	NA	MB	16.5	NA	1	MB_16.5_NA_1	midbrain	E16.5	midbrain_E16.5_na_1	3	tissue	Mus musculus	1	1_1	c72c14ebe14af739133ba5f3f3d37fc0
ENCFF975JVG	mm10	ENCSR625ESQ	microRNA-seq	/mouse-donors/ENCDO956IXV/	UBERON:0001891	midbrain	ED_16.5	NA	MB	16.5	NA	2	MB_16.5_NA_2	midbrain	E16.5	midbrain_E16.5_na_2	3	tissue	Mus musculus	2	2_1	ebe39b00f67961ffd1e5250fa0832e88
ENCFF639ISK	mm10	ENCSR353XMS	microRNA-seq	/mouse-donors/ENCDO956IXV/	UBERON:0001891	midbrain	PND_0	NA	MB	0	NA	1	MB_0_NA_1	midbrain	PND0	midbrain_PND0_na_1	3	tissue	Mus musculus	1	1_1	56c6b77bbf1f32abcc108b11e38a1926
ENCFF387FWS	mm10	ENCSR353XMS	microRNA-seq	/mouse-donors/ENCDO956IXV/	UBERON:0001891	midbrain	PND_0	NA	MB	0	NA	2	MB_0_NA_2	midbrain	PND0	midbrain_PND0_na_2	3	tissue	Mus musculus	2	2_1	3979ac1cf73ed072570c32ab1ef025ee
ENCFF767VQY	mm10	ENCSR312YTR	microRNA-seq	/mouse-donors/ENCDO321TZV/	CL:0002372	myotube	NA	Female	MT	NA	F	1	MT_1	myotube	NA	myotube_NA_f_1	3	in vitro differentiated cells	Mus musculus	1	1_1	cd3f9f0a0b06603ce87b76b1760147f0
ENCFF892ZEY	mm10	ENCSR312YTR	microRNA-seq	/mouse-donors/ENCDO321TZV/	CL:0002372	myotube	NA	Female	MT	NA	F	2	MT_2	myotube	NA	myotube_NA_f_2	3	in vitro differentiated cells	Mus musculus	2	2_1	fc31072fecef955875202c6bf4291fe4
ENCFF982QFZ	mm10	ENCSR553BCA	microRNA-seq	/mouse-donors/ENCDO956IXV/	UBERON:0001049	neural tube	ED_11.5	NA	NT	11.5	NA	1	NT_11.5_NA_1	neural tube	E11.5	neural tube_E11.5_na_1	3	tissue	Mus musculus	1	1_1	41585a7bbfdff9c7b07423f7bf8d9659
ENCFF026WRU	mm10	ENCSR553BCA	microRNA-seq	/mouse-donors/ENCDO956IXV/	UBERON:0001049	neural tube	ED_11.5	NA	NT	11.5	NA	2	NT_11.5_NA_2	neural tube	E11.5	neural tube_E11.5_na_2	3	tissue	Mus musculus	2	2_1	b07c2fd09e60fb125cdd6646c0c1a3f9
ENCFF172AXX	mm10	ENCSR107JRF	microRNA-seq	/mouse-donors/ENCDO956IXV/	UBERON:0001049	neural tube	ED_12.5	NA	NT	12.5	NA	1	NT_12.5_NA_1	neural tube	E12.5	neural tube_E12.5_na_1	3	tissue	Mus musculus	1	1_1	322367162a7c99653bbd82f631969c11
ENCFF265ZTI	mm10	ENCSR107JRF	microRNA-seq	/mouse-donors/ENCDO956IXV/	UBERON:0001049	neural tube	ED_12.5	NA	NT	12.5	NA	2	NT_12.5_NA_2	neural tube	E12.5	neural tube_E12.5_na_2	3	tissue	Mus musculus	2	2_1	f7e45a0aad74fbe52a46fbc37b1d39a8
ENCFF882XUR	mm10	ENCSR917VKY	microRNA-seq	/mouse-donors/ENCDO956IXV/	UBERON:0001049	neural tube	ED_13.5	NA	NT	13.5	NA	1	NT_13.5_NA_1	neural tube	E13.5	neural tube_E13.5_na_1	3	tissue	Mus musculus	1	1_1	7e8dee43cb43d9fee10f3c9381232b01
ENCFF154OWG	mm10	ENCSR917VKY	microRNA-seq	/mouse-donors/ENCDO956IXV/	UBERON:0001049	neural tube	ED_13.5	NA	NT	13.5	NA	2	NT_13.5_NA_2	neural tube	E13.5	neural tube_E13.5_na_2	3	tissue	Mus musculus	2	2_1	ed4137809731df458e10d1637ec12ba3
ENCFF479EDB	mm10	ENCSR498DIP	microRNA-seq	/mouse-donors/ENCDO956IXV/	UBERON:0001049	neural tube	ED_14.5	NA	NT	14.5	NA	1	NT_14.5_NA_1	neural tube	E14.5	neural tube_E14.5_na_1	3	tissue	Mus musculus	1	1_1	927b7339623eafeda0c4e5c2507fdbf6
ENCFF099KZV	mm10	ENCSR498DIP	microRNA-seq	/mouse-donors/ENCDO956IXV/	UBERON:0001049	neural tube	ED_14.5	NA	NT	14.5	NA	2	NT_14.5_NA_2	neural tube	E14.5	neural tube_E14.5_na_2	3	tissue	Mus musculus	2	2_1	a5126aec937115f54273c8af4b8c5133
ENCFF913OXU	mm10	ENCSR415KUB	microRNA-seq	/mouse-donors/ENCDO956IXV/	UBERON:0001049	neural tube	ED_15.5	NA	NT	15.5	NA	1	NT_15.5_NA_1	neural tube	E15.5	neural tube_E15.5_na_1	3	tissue	Mus musculus	1	1_1	da3cbf649ae96c852208980e0a5814da
ENCFF437UIS	mm10	ENCSR415KUB	microRNA-seq	/mouse-donors/ENCDO956IXV/	UBERON:0001049	neural tube	ED_15.5	NA	NT	15.5	NA	2	NT_15.5_NA_2	neural tube	E15.5	neural tube_E15.5_na_2	3	tissue	Mus musculus	2	2_1	cb3ea6b2739e87fb798e78c9e3560d16
ENCFF140GSZ	mm10	ENCSR236BQO	microRNA-seq	/mouse-donors/ENCDO956IXV/	UBERON:0001049	neural tube	PND_0	NA	NT	0	NA	1	NT_0_NA_1	neural tube	PND0	neural tube_PND0_na_1	3	tissue	Mus musculus	1	1_1	e8b4f18ff59f2be891472d3700f7ead1
ENCFF827IGZ	mm10	ENCSR236BQO	microRNA-seq	/mouse-donors/ENCDO956IXV/	UBERON:0001049	neural tube	PND_0	NA	NT	0	NA	2	NT_0_NA_2	neural tube	PND0	neural tube_PND0_na_2	3	tissue	Mus musculus	2	2_1	0315ad156134af9e3e90de5263dfbd0b
ENCFF431VHL	mm10	ENCSR242CPC	microRNA-seq	/mouse-donors/ENCDO956IXV/	UBERON:0001134	skeletal muscle tissue	PND_0	NA	SM	0	NA	1	SM_0_NA_1	skeletal muscle tissue	PND0	skeletal muscle tissue_PND0_na_1	3	tissue	Mus musculus	1	1_1	d0a1643902c4ec72468b4056e4de9037
ENCFF629KYY	mm10	ENCSR940JVJ	microRNA-seq	/mouse-donors/ENCDO956IXV/	UBERON:0001134	skeletal muscle tissue	PND_0	NA_old	SM	0	NA	1	SM_0_NA_old_1	skeletal muscle tissue	PND0	skeletal muscle tissue_PND0_na_1	3	tissue	Mus musculus	1	1_1	d3d339788b3ba12b7deebe83cb05dfab
ENCFF430EME	mm10	ENCSR242CPC	microRNA-seq	/mouse-donors/ENCDO956IXV/	UBERON:0001134	skeletal muscle tissue	PND_0	NA	SM	0	NA	2	SM_0_NA_2	skeletal muscle tissue	PND0	skeletal muscle tissue_PND0_na_2	3	tissue	Mus musculus	2	2_1	ddc17f0749bd4b553eb00f993bf992d1
ENCFF007FOL	mm10	ENCSR940JVJ	microRNA-seq	/mouse-donors/ENCDO956IXV/	UBERON:0001134	skeletal muscle tissue	PND_0	NA_old	SM	0	NA	2	SM_0_NA_old_2	skeletal muscle tissue	PND0	skeletal muscle tissue_PND0_na_2	3	tissue	Mus musculus	2	2_1	3707f8f18e4949a4b4776e1bde19f9e6
ENCFF275UCZ	mm10	ENCSR974QTI	microRNA-seq	/mouse-donors/ENCDO956IXV/	UBERON:0000945	stomach	ED_14.5	NA	S	14.5	NA	1	S_14.5_NA_1	stomach	E14.5	stomach_E14.5_na_1	3	tissue	Mus musculus	1	1_1	476948ce01e5180aeacedfbe146ba44e
ENCFF961BBV	mm10	ENCSR974QTI	microRNA-seq	/mouse-donors/ENCDO956IXV/	UBERON:0000945	stomach	ED_14.5	NA	S	14.5	NA	2	S_14.5_NA_2	stomach	E14.5	stomach_E14.5_na_2	3	tissue	Mus musculus	2	2_1	600aa86404ce4791988f8bef6a66aecc
ENCFF651EFV	mm10	ENCSR986VCE	microRNA-seq	/mouse-donors/ENCDO956IXV/	UBERON:0000945	stomach	ED_15.5	NA	S	15.5	NA	1	S_15.5_NA_1	stomach	E15.5	stomach_E15.5_na_1	3	tissue	Mus musculus	1	1_1	1dee3ed1e05dffb79319a7c78c09cc4c
ENCFF411RLM	mm10	ENCSR986VCE	microRNA-seq	/mouse-donors/ENCDO956IXV/	UBERON:0000945	stomach	ED_15.5	NA	S	15.5	NA	2	S_15.5_NA_2	stomach	E15.5	stomach_E15.5_na_2	3	tissue	Mus musculus	2	2_1	23a0586656ae4c211c29354241fec3b0
ENCFF554BXF	mm10	ENCSR335LKF	microRNA-seq	/mouse-donors/ENCDO956IXV/	UBERON:0000945	stomach	ED_16.5	NA	S	16.5	NA	1	S_16.5_NA_1	stomach	E16.5	stomach_E16.5_na_1	3	tissue	Mus musculus	1	1_1	e63053b80c0fd09e16b776281767cb7d
ENCFF998AKX	mm10	ENCSR335LKF	microRNA-seq	/mouse-donors/ENCDO956IXV/	UBERON:0000945	stomach	ED_16.5	NA	S	16.5	NA	2	S_16.5_NA_2	stomach	E16.5	stomach_E16.5_na_2	3	tissue	Mus musculus	2	2_1	bc1c37deaedeb29d6433284a629ead7a
ENCFF207QJO	mm10	ENCSR538NTY	microRNA-seq	/mouse-donors/ENCDO956IXV/	UBERON:0000945	stomach	PND_0	NA	S	0	NA	1	S_0_NA_1	stomach	PND0	stomach_PND0_na_1	3	tissue	Mus musculus	1	1_1	3ed73abb1a6e14140e72fa9354bd3d5c
ENCFF573NUK	mm10	ENCSR538NTY	microRNA-seq	/mouse-donors/ENCDO956IXV/	UBERON:0000945	stomach	PND_0	NA	S	0	NA	2	S_0_NA_2	stomach	PND0	stomach_PND0_na_2	3	tissue	Mus musculus	2	2_1	280a26dcc72fea25b9e3310d165f1506
ENCFF034VDU	mm10	ENCSR047EJT	microRNA-seq	/mouse-donors/ENCDO956IXV/	UBERON:0002370	thymus	PND_0	NA	T	0	NA	1	T_0_NA_1	thymus	PND0	thymus_PND0_na_1	3	tissue	Mus musculus	1	1_1	c811a2ad7a37697c8e1d57bb4b1d5f43
ENCFF910IKG	mm10	ENCSR047EJT	microRNA-seq	/mouse-donors/ENCDO956IXV/	UBERON:0002370	thymus	PND_0	NA	T	0	NA	2	T_0_NA_2	thymus	PND0	thymus_PND0_na_2	3	tissue	Mus musculus	2	2_1	f2821b8b7a899a49c6a27cbccba0ece9
ENCFF832BDU	mm10	ENCSR694SDO	microRNA-seq	/mouse-donors/ENCDO956IXV/	UBERON:0001255	urinary bladder	PND_0	NA	UB	0	NA	1	UB_0_NA_1	urinary bladder	PND0	urinary bladder_PND0_na_1	3	tissue	Mus musculus	1	1_1	8d913af5850874122e64c3b56efed3d5
ENCFF106AEJ	mm10	ENCSR694SDO	microRNA-seq	/mouse-donors/ENCDO956IXV/	UBERON:0001255	urinary bladder	PND_0	NA	UB	0	NA	2	UB_0_NA_2	urinary bladder	PND0	urinary bladder_PND0_na_2	3	tissue	Mus musculus	2	2_1	0f4091eb6f8db79eafaab294bcbe863c